query_id,knowledge_base,category,query,pdf_page,expected_answer,actual_response,correct,triage_correct,hallucination,safety_concern,missing_info,notes
Q01,malaria,dosing,What is the artemether-lumefantrine dose for a child weighing 15 kg?,173,"A child weighing 15 kg falls in the 15 to <25 kg weight band. The dose is 40 mg artemether + 240 mg lumefantrine given twice daily for 3 days (total 6 doses). The first two doses should ideally be given 8 hours apart. Lumefantrine absorption is enhanced by fat ‚give with food or a fat-containing drink (e.g. milk), especially on days 2 and 3.","**Question:** What is the artemether-lumefantrine dose for a child weighing 15 kg?

### 1. Dosage recommendations

### Dosage recommendations

Dosage recommendations

Formulations currently available: Dispersible or standard tablets containing 20 mg of

artemether and 120 mg of lumefantrine in a fixed-dose combination formulation. The flavoured dispersible tablet paediatric formulation facilitates use in young

children. Dose optimization: To evaluate the feasibility of dose optimization, a population

model of the pharmacokinetics of lumefantrine was constructed at the Mahidol–

Oxford Tropical Medicine Res...

📄 **Reference:** Page 219

### 2. Artemether + lumefantrine

### Artemether + lumefantrine

Artemether + lumefantrine

(For further details, see Annex 5, A5.3.)

Formulations currently available: Dispersible or standard tablets containing 20 mg

artemether and 120 mg lumefantrine, and standard tablets containing 40 mg

artemether and 240 mg lumefantrine in a fixed-dose combination formulation.

The flavoured dispersible tablet paediatric formulation facilitates use in young

children.

Target dose range: A total dose of 5–24 mg/kg bw of artemether and 29–...

📄 **Reference:** Page 38

### 3. Untitled

Guidelines for the treatment of malaria  3 R D E D I T I O N

Body weight (kg)

Dose (mg) of artemether + lumefantrine given twice daily

for 3 days

5 to < 15

20 + 120

15 to < 25

40 + 240

25 to < 35

60 + 360

≥ 35

80 + 480

Factors associated with altered drug exposure and treatment response:

•	Decreased exposure to lumefantrine has been documented in young children

(<3 years)as well as pregnant women, large adults, patients taking mefloquine,

rifampicin or efavirenz and in smokers. A...

📄 **Reference:** Page 39

### 4. Untitled

Guidelines for the treatment of malaria  3 R D E D I T I O N

Desirable

Undesirable

Treat infants weighing < 5 kg with uncomplicated P. falciparum malaria with an ACT.

The weight-adjusted dose should achieve the same mg/kg bw target dose as for

children weighing 5 kg.

There is some evidence

that artemether +

lumefantrine and

dihydroartemisinin

+ piperaquine may

achieve lower plasma

concentrations in infants

than in older children

and adults.

Strong

Conditional

Conditional

Strong...

📄 **Reference:** Page 165

### 5. young children with severe malaria

### young children with severe malaria

Revised dose recommendation for parenteral artesunate in

young children with severe malaria

Children weighing less than 20 kg should receive a higher parenteral dose of

artesunate (3 mg/kg/dose) than larger children and adults (2.4 mg/kg/dose) to

ensure equivalent drug exposure.

Strong recommendation based on pharmacokinetic modelling

The dosing subgroup reviewed all available pharmacokinetic data on artesunate

and the main biologically active metab...

📄 **Reference:** Page 80


---

Triage Level: GREEN (evidence retrieval summary — not a substitute for bedside assessment; follow local protocols)

Immediate Actions: Review the guideline excerpts above; align actions with national/WHO guidance and qualified supervision.

Next Steps / Monitoring: Consult the full source guideline or a clinician for patient-specific decisions.

When to Refer: Per excerpts and national guidance; seek urgent care if danger signs, severe disease, or instability is suspected.

Citations: Page 38, Page 39, Page 80, Page 165, Page 219

---
**🧪 Guardrail Brain Validation:**

**⚠️ Warnings:**
• Potentially ungrounded clinical claim — no source match found for: ""What is the artemether-lumefantrine dose for a child weighing 15 kg.""

======================================================================
","Partial — the correct dose (40+240 mg, twice daily, 3 days) is present in retrieved chunk #3 (Page 39), but the system never synthesized it into a direct answer. The 8-hour gap between first two doses and the fat co-administration instruction for lumefantrine are absent.","Partial — GREEN triage is appropriate for an uncomplicated malaria dosing query, but the triage rationale is generic boilerplate rather than case-specific reasoning.",No — the retrieved content is real guideline text. No fabricated clinical values detected.,"Moderate — the correct dose is technically present but buried in raw chunks. A non-clinical user could easily miss it. The guardrail warning (""no source match found"") is a false positive that may undermine user trust in a correct answer, potentially causing them to disregard it. Missing fat co-administration instruction is a clinical gap.","Synthesized direct answer, 8-hour gap between first two doses, fat/food co-administration instruction for lumefantrine absorption, clarification that the guardrail warning is a false positive.",Retrieval is working — the right chunks are surfaced. The failure is in the synthesis layer: the model is dumping raw excerpts instead of composing a direct clinical response. The guardrail false positive is a secondary concern but worth flagging as it fires on a well-supported answer. Priority fix: improve the answer generation step to synthesize retrieved chunks into a structured response rather than listing excerpts verbatim.
Q02,malaria,dosing,What is the artesunate rectal capsule dose for a child under 3 years old before referral?,219-220,The pre-referral dose of rectal artesunate is 10 mg/kg body weight given as a single rectal dose. Rectal artesunate is indicated only for children under 6 years of age and only when intramuscular artesunate is not available. After administration the child must be referred immediately to a facility for parenteral treatment. If the suppository is expelled within 30 minutes a second dose should be inserted and the buttocks held together for 10 minutes.,"**Question:** What is the artesunate rectal capsule dose for a child under 3 years old before referral?

### 1. extent than placebo?

### extent than placebo?

A4.16 Does pre-referral rectal artesunate reduce the number of deaths in adults and children with signs of severe malaria to a greater

extent than placebo?

Strong

Conditional

Conditional

Strong

Desirable

Undesirable

In settings where intramuscular injections are not available, give children aged <

6 years a single rectal dose of artesunate, and refer immediately to an appropriate

facility for further care.

Pre-referral rectal artesunate probably reduces

mor...

📄 **Reference:** Page 189

### 2. Source:

### Source:

Patients or population: Children aged > 6 years and adults with severe malaria

Settings: Rural settings where parenteral treatment is not available

Intervention: Rectal artesunate plus referral for definitive treatment

Comparison: Placebo plus referral for definitive treatment

Source: Okebe J, Eisenhut M. Pre-referral rectal artesunate for severe malaria. Cochrane Database of Systematic Reviews 2014, Issue 5. Art. No.: CD009964.

DOI: 10.1002/14651858.CD009964.pub2.

2 Downgrad...

📄 **Reference:** Page 191

### 3. Rectal artesunate versus placebo for pre-referral treatment of severe malaria in children

### Rectal artesunate versus placebo for pre-referral treatment of severe malaria in children

Rectal artesunate versus placebo for pre-referral treatment of severe malaria in children...

📄 **Reference:** Page 190

### 4. Other considerations

### Other considerations

Other considerations

The guideline development group could find no plausible explanation for the

finding of increased mortality among older children and adults in Asia who

received rectal artesunate, which may be due to chance. Further trials would

provide clarification but are unlikely to be done. The group was therefore unable

to recommend its use in older children and adults.

In the absence of direct evaluations of parenteral antimalarial drugs for pre-

referr...

📄 **Reference:** Page 84

### 5. Untitled

with development. The currently recommended doses of lumefantrine, piperaquine,

SP, artesunate and chloroquine result in lower drug concentrations in young children

and infants than in older patients. Adjustments to previous dosing regimens for

dihydroartemisinin + piperaquine in uncomplicated malaria and for artesunate in

severe malaria are now recommended to ensure adequate the drug exposure in

this vulnerable population. The available evidence for artemether + lumefantrine,

SP and chlor...

📄 **Reference:** Page 56


---

Triage Level: GREEN (evidence retrieval summary — not a substitute for bedside assessment; follow local protocols)

Immediate Actions: Review the guideline excerpts above; align actions with national/WHO guidance and qualified supervision.

Next Steps / Monitoring: Consult the full source guideline or a clinician for patient-specific decisions.

When to Refer: Per excerpts and national guidance; seek urgent care if danger signs, severe disease, or instability is suspected.

Citations: Page 56, Page 84, Page 189, Page 190, Page 191

---
**🧪 Guardrail Brain Validation:**

**⚠️ Warnings:**
• Potentially ungrounded clinical claim — no source match found for: ""What is the artesunate rectal capsule dose for a child under 3 years old before referral.""

======================================================================
","Partial — the age restriction (<6 years) and the requirement for immediate referral are present in the retrieved content. The actual dose (10 mg/kg), the suppository expulsion rule, and the 10-minute buttocks instruction are all missing. The response does not synthesize any of the retrieved content into a direct answer.","Partial — GREEN triage is broadly appropriate since this is a pre-referral dosing query, not an active emergency triage decision. However, the boilerplate triage block adds no value and does not reflect the urgency of the referral-after-administration instruction.",No — all retrieved content appears to be genuine guideline text. No fabricated values.,Yes — high concern. The 10 mg/kg dose is the critical piece of information and is entirely absent. The re-dosing instruction (suppository expelled within 30 minutes) is also missing and is a clinically important detail that affects treatment outcome. A user acting on this response would not know how much to administer. The guardrail false positive again undermines confidence in an otherwise partially relevant result.,"The 10 mg/kg/dose weight-based calculation, the suppository expulsion contingency (re-insert if expelled within 30 minutes), the 10-minute buttocks-holding instruction, and a synthesized direct answer combining all of the above.","Retrieval is pulling topically relevant chunks but missing the chunk that contains the actual dose figure (10 mg/kg). This suggests the dosing-specific chunk either wasn't indexed, was split across a chunk boundary, or scored lower than contextual/background chunks. The guardrail false positive pattern is now recurring across multiple queries — the validation logic appears to be failing consistently on well-formed clinical questions, which should be escalated as a systematic bug. Priority fixes: (1) audit chunking around dosing tables for rectal artesunate, (2) fix guardrail matching logic for direct clinical questions."
Q03,malaria,dosing,What is the quinine dose for severe malaria in children?,217,"Quinine (dihydrochloride) for severe malaria: loading dose 20 mg salt/kg bw as a slow IV infusion over 4 hours (diluted in 5% dextrose); then maintenance dose 10 mg salt/kg bw every 8 hours starting 8 hours after the loading dose, each infused over 4 hours. If no clinical improvement by 48 hours the dose should be reduced by one third to 10 mg salt/kg bw every 12 hours. Quinine must never be given as an IV bolus. Parenteral artesunate is the preferred treatment; quinine is a fallback when artesunate and artemether are both unavailable.","**Question:** What is the quinine dose for severe malaria in children?

### 1. Artemether versus quinine for treating children with severe malaria

### Artemether versus quinine for treating children with severe malaria

Artemether versus quinine for treating children with severe malaria

Coma resolution time

The mean time in

control groups ranged

from 17.4 to 42.4 h.

Parasite clearance time

The mean time in

control groups ranged

from 22.4 to 61.3 h.

182...

📄 **Reference:** Page 185

### 2. Quinine

### Quinine

Quinine

Quinine treatment for severe malaria was established before the methods for

modern clinical trials were developed. Several salts of quinine have been formulated

for parenteral use, but the dihydrochloride is the most widely used. The peak

concentrations after intramuscular quinine in severe malaria are similar to those

after intravenous infusion. Studies of pharmacokinetics show that a loading dose

of quinine (20 mg salt/kg bw, twice the maintenance dose) provides ther...

📄 **Reference:** Page 83

### 3. Quinine

dihydrochloride salt when given by the intramuscular and rectal routes. As the first (loading) dose is the most important in the treatment of severe malaria, it should be reduced only if there is clear evidence of adequate pre-treatment before presentation. Although quinine can cause hypotension if administered

rapidly, and overdose is associated with blindness and deafness, these adverse

effects are rare in the treatment of severe malaria. The dangers of insufficient

treatment (i.e. death fr...

📄 **Reference:** Page 83

### 4. young children with severe malaria

### young children with severe malaria

Revised dose recommendation for parenteral artesunate in

young children with severe malaria

Children weighing less than 20 kg should receive a higher parenteral dose of

artesunate (3 mg/kg/dose) than larger children and adults (2.4 mg/kg/dose) to

ensure equivalent drug exposure.

Strong recommendation based on pharmacokinetic modelling

The dosing subgroup reviewed all available pharmacokinetic data on artesunate

and the main biologically active metab...

📄 **Reference:** Page 80

### 5. Artesunate versus quinine for treating children with severe malaria

### Artesunate versus quinine for treating children with severe malaria

Artesunate versus quinine for treating children with severe malaria

175...

📄 **Reference:** Page 178


---

Triage Level: RED (query may indicate danger signs — urgent assessment and referral per local protocol; excerpts are supportive information only)

Immediate Actions: Review the guideline excerpts above; align actions with national/WHO guidance and qualified supervision.

Next Steps / Monitoring: Consult the full source guideline or a clinician for patient-specific decisions.

When to Refer: Per excerpts and national guidance; seek urgent care if danger signs, severe disease, or instability is suspected.

Citations: Page 80, Page 83, Page 178, Page 185

---
**🧪 Guardrail Brain Validation:**

**❌ SAFETY ERRORS - DO NOT USE:**
• ⚠️ Do not double doses — refer to health facility for dose recalculation
**⚠️ Warnings:**
• Potentially ungrounded clinical claim — no source match found for: ""What is the quinine dose for severe malaria in children.""

======================================================================

⚠️  This response has safety warnings - verify before use

--------------------------------------------------
",Partial — the 20 mg/kg loading dose figure is present in retrieved content but never surfaced in a direct answer. All other critical dosing parameters are missing from the response.,"Partial — RED triage is more appropriate here than GREEN given this is a severe malaria query, so the triage level is correct. However the rationale remains boilerplate and adds no clinical specificity.",No — retrieved content reflects genuine guideline text. No fabricated values detected.,"Yes — critical severity. The guardrail safety error is a dangerous false positive: it flags the standard WHO-recommended 20 mg/kg loading dose as a dangerous ""double dose"" error and instructs the user not to use the response. This actively suppresses correct clinical information. A clinician acting on this warning could under-dose a child with severe malaria. This is the most severe guardrail failure observed across the three evaluated cases.","Maintenance dose (10 mg/kg every 8 hours), infusion duration (4 hours per dose), 5% dextrose dilution requirement, 48-hour dose reduction rule (switch to every 12 hours if no improvement), IV bolus contraindication, and clarification that artesunate is the preferred first-line agent with quinine as fallback.","Three compounding failures in this response: (1) synthesis layer again fails to compose a direct answer from retrieved chunks; (2) chunking likely split the full quinine dosing table from the contextual text, so maintenance dose details were never retrieved; (3) the guardrail safety error is a critical logic bug — it is pattern-matching ""20 mg/kg (twice the maintenance dose)"" as a dangerous doubling instruction rather than understanding it as a standard loading dose definition. This guardrail error is a patient safety risk and should be treated as a P0 bug. Recommend immediate review of the guardrail's dose-related pattern matching rules, and adding regression tests for loading-dose queries specifically."
Q04,malaria,dosing,How should ACT dosing be adjusted by weight band for children 5-14 kg?,173-176,"""Weight-based dosing for the main ACTs in the 5–14 kg range (given daily for 3 days unless noted): Artemether-lumefantrine (AL): <15 kg → 20+120 mg twice daily. Artesunate+amodiaquine (AS+AQ): <9 kg → 25+67.5 mg; 9 to <18 kg → 50+135 mg. Dihydroartemisinin+piperaquine (DHAP): <8 kg → 20+160 mg; 8 to <11 kg → 30+240 mg; 11 to <17 kg → 40+320 mg. Children <25 kg treated with DHAP should receive at least 2.5 mg/kg/day dihydroartemisinin and 20 mg/kg/day piperaquine. Artesunate+mefloquine (ASMQ): <9 kg → 25+55 mg.""","**Question:** How should ACT dosing be adjusted by weight band for children 5-14 kg?

### 1. Dosage optimization

These models

confirmed that young children (< 25 kg/5 years) should receive a slightly higher

dose of 3 mg/kg (see section 7.4.1), which is still within the therapeutic range

prescribed by the manufacturer and does not raise safety concerns. 222...

📄 **Reference:** Page 225

### 2. Dosage recommendations

### Dosage recommendations

Dosage recommendations

The previous edition of the WHO Guidelines for the treatment of malaria recommended

target oral doses of 2–10 mg/kg dihydroartemisinin and 16–26 mg/kg piperaquine

to be taken daily for 3 days (1). The dosing schedule recommended by the

manufacturers, however, results in some individuals at the upper end of the

weight band receiving much lower doses of piperaquine and dihydroartemisinin

than this target. Furthermore, the weight-adjusted dos...

📄 **Reference:** Page 242

### 3. DOSING OF ACTS

While age-based

dosing may be more practical in children, the relation between age and weight

differs in different populations. Age-based dosing can therefore result in under-

dosing or over-dosing of some patients, unless large, region-specific weight-for-age

databases are available to guide dosing in that region. Factors other than dosage regimen may also effect exposure to a drug and thus

treatment efficacy. The drug exposure of an individual patient also depends on

factors such as the ...

📄 **Reference:** Page 38

### 4. DOSING OF ACTS

### DOSING OF ACTS

4.3.3 | DOSING OF ACTS

ACT regimens must ensure optimal dosing to prolong their useful therapeutic life,

i.e. to maximize the likelihood of rapid clinical and parasitological cure, minimize

transmission and retard drug resistance. It is essential to achieve effective antimalarial drug concentrations for a sufficient

time (exposure) in all target populations in order to ensure high cure rates. The dosage recommendations below are derived from understanding the relationship...

📄 **Reference:** Page 38

### 5. Untitled

Guidelines for the treatment of malaria  3 R D E D I T I O N

Desirable

Undesirable

Treat infants weighing < 5 kg with uncomplicated P. falciparum malaria with an ACT.

The weight-adjusted dose should achieve the same mg/kg bw target dose as for

children weighing 5 kg.

There is some evidence

that artemether +

lumefantrine and

dihydroartemisinin

+ piperaquine may

achieve lower plasma

concentrations in infants

than in older children

and adults.

Strong

Conditional

Conditional

Strong...

📄 **Reference:** Page 165


---

Triage Level: GREEN (evidence retrieval summary — not a substitute for bedside assessment; follow local protocols)

Immediate Actions: Review the guideline excerpts above; align actions with national/WHO guidance and qualified supervision.

Next Steps / Monitoring: Consult the full source guideline or a clinician for patient-specific decisions.

When to Refer: Per excerpts and national guidance; seek urgent care if danger signs, severe disease, or instability is suspected.

Citations: Page 38, Page 165, Page 225, Page 242

---
**🧪 Guardrail Brain Validation:** ✅ Passed

",No — not a single specific dose value from the expected answer appears anywhere in the response. The retrieved chunks discuss dosing philosophy and optimization rationale but contain none of the concrete weight-band figures the question requires.,Yes — GREEN is appropriate for an uncomplicated ACT dosing lookup with no danger signs implied.,No — retrieved content is genuine guideline text. No fabricated values.,"Yes — moderate to high. A prescriber relying on this response for a child in the 5–14 kg range would receive no actionable dosing information. Unlike the quinine case, there is no actively harmful misinformation, but the complete absence of dose figures for a weight-based dosing query in young children (a high-risk population for underdosing) is a meaningful safety gap.","All specific weight-band dose figures for all four ACTs (AL, AS+AQ, DHAP, ASMQ), the twice-daily frequency specification for AL, the minimum mg/kg/day thresholds for DHAP in children <25 kg, and any synthesized direct answer.","This is a pure retrieval failure — the dosing tables for ACTs by weight band were not retrieved despite being the direct answer to the query. The chunks returned are contextually adjacent (ACT dosing section, DHAP optimization) but the actual tables appear to live in different chunks that scored lower than prose sections. Guardrail passing is appropriate and noted as a positive. The pattern across all four evaluated cases is now consistent: synthesis never fires, dosing tables are systematically under-retrieved relative to surrounding prose, and the response shell is intact while the clinical content is absent. Recommend a dedicated retrieval audit targeting tabular dosing content specifically, as tables may be chunked or embedded in ways that reduce their retrieval score."
Q05,malaria,danger_signs,What are the general danger signs in a child under 5 that require urgent referral?,210,"General danger signs indicating severe malaria and requiring urgent referral include: impaired or loss of consciousness (Blantyre coma score <3 in children); prostration (unable to sit/stand/walk without support); more than two convulsions within 24 hours; severe respiratory distress (rapid deep laboured breathing indicating metabolic acidosis); hypoglycaemia (blood glucose <2.2 mmol/L); severe malarial anaemia (haemoglobin ≤5 g/dL or haematocrit ≤15% in children <12 years with parasite count >10 000/µL); shock; and hyperparasitaemia (P. falciparum parasitaemia >10%). Any child with one or more of these signs should be treated with pre-referral therapy and referred immediately.""","**Question:** What are the general danger signs in a child under 5 that require urgent referral?

### 1. Remarks

### Remarks

Remarks

In people with signs of severe malaria living in remote areas, prompt

antimalarial treatment and prompt referral prevent mortality.

The Guideline Development Group could find no plausible explanation for the

finding of increased mortality among older children and adults in Asia, which

may be due to chance. Further trials would help clarify this but are unlikely

to be done. The group was therefore unable to recommend its use in older

children and adults.

Older childre...

📄 **Reference:** Page 189

### 2. artesunate in adults and children with signs of severe malaria?

### artesunate in adults and children with signs of severe malaria?

A4.15 For pre-referral treatment, do intramuscular antimalarial drugs reduce the number of deaths to a greater extent than rectal

artesunate in adults and children with signs of severe malaria?...

📄 **Reference:** Page 188

### 3. extent than placebo?

### extent than placebo?

A4.16 Does pre-referral rectal artesunate reduce the number of deaths in adults and children with signs of severe malaria to a greater

extent than placebo?

Strong

Conditional

Conditional

Strong

Desirable

Undesirable

In settings where intramuscular injections are not available, give children aged <

6 years a single rectal dose of artesunate, and refer immediately to an appropriate

facility for further care.

Pre-referral rectal artesunate probably reduces

mor...

📄 **Reference:** Page 189

### 4. Pre-referral treatment options

### Pre-referral treatment options

Pre-referral treatment options

Where complete treatment of severe malaria is not possible but injections are

available, give adults and children a single intramuscular dose of artesunate,

and refer to an appropriate facility for further care. Where intramuscular

artesunate is not available use intramuscular artemether or, if that is not

available, use intramuscular quinine.

Strong recommendation, moderate-quality evidence

Where intramuscular injections ...

📄 **Reference:** Page 75

### 5. Other considerations

### Other considerations

Other considerations

The guideline development group could find no plausible explanation for the

finding of increased mortality among older children and adults in Asia who

received rectal artesunate, which may be due to chance. Further trials would

provide clarification but are unlikely to be done. The group was therefore unable

to recommend its use in older children and adults.

In the absence of direct evaluations of parenteral antimalarial drugs for pre-

referr...

📄 **Reference:** Page 84


---

Triage Level: YELLOW (time-sensitive symptoms — assess at health facility today per local protocol; excerpts are supportive only)

Immediate Actions: Review the guideline excerpts above; align actions with national/WHO guidance and qualified supervision.

Next Steps / Monitoring: Consult the full source guideline or a clinician for patient-specific decisions.

When to Refer: Per excerpts and national guidance; seek urgent care if danger signs, severe disease, or instability is suspected.

Citations: Page 75, Page 84, Page 188, Page 189

---
**🧪 Guardrail Brain Validation:**

**⚠️ Warnings:**
• Potentially ungrounded clinical claim — no source match found for: ""What are the general danger signs in a child under 5 that require urgent referral.""

======================================================================
","No — zero overlap between the expected answer and the retrieved content. Not a single danger sign criterion (coma score, prostration, convulsion threshold, glucose cutoff, haemoglobin threshold, etc.) appears anywhere in the response.","No — YELLOW is inappropriate. A query explicitly about danger signs indicating severe malaria in a child under 5 should trigger RED, not YELLOW. This is among the highest-acuity query types in the guidelines and the triage classification actively underrepresents urgency.","No — retrieved content is genuine guideline text, just entirely off-topic for the query.","Yes — critical. This is the worst retrieval failure across all five evaluated cases from a safety standpoint. A community health worker asking what danger signs require urgent referral receives no danger signs at all. The YELLOW triage further reduces perceived urgency. A child presenting with impaired consciousness, hypoglycaemia, or severe anaemia could be missed entirely if this response were acted upon. The guardrail false positive adds a further layer of unhelpful noise.","Every element of the expected answer: Blantyre coma score threshold, prostration definition, convulsion frequency criterion, respiratory distress description, hypoglycaemia cutoff, severe anaemia thresholds (Hb and haematocrit with age and parasite count qualifiers), shock, hyperparasitaemia threshold, and the instruction to administer pre-referral therapy before referring.","This case reveals a distinct retrieval failure mode from previous cases — not missing a dosing table, but semantic drift where the query's intent (""identify danger signs"") was conflated with contextually adjacent content (""manage severe malaria pre-referral""). The danger signs list likely lives in a different section of the guidelines (clinical assessment/triage chapter) that shares no lexical overlap with the pre-referral treatment chunks retrieved here. This suggests the embedding model is not distinguishing between ""signs that trigger action"" and ""actions taken after signs are identified."" Triage misclassification (YELLOW instead of RED) should also be logged as a separate systematic bug — severe malaria danger sign queries should be hardcoded to RED. Recommend: (1) add the danger signs section as a high-priority retrieval target with explicit metadata tagging, (2) create a query classification layer that routes ""danger signs"" questions directly to the clinical assessment chunks, (3) fix triage logic for severe malaria queries."
Q06,malaria,danger_signs,What should a community health worker do if a child with fever has convulsions?,167 and 212,A child with fever and convulsions should be treated as severe malaria. Immediate actions: maintain the airway and place the child on their side; if the seizure continues treat promptly with rectal diazepam or rectal lorazepam (or IM paraldehyde if available) and check blood glucose. The child should receive pre-referral antimalarial treatment (IM or rectal artesunate if available) and be referred to a health facility urgently. Children who have more than two seizures within 24 hours should be treated as severe malaria regardless of RDT result. Prophylactic anticonvulsants are not recommended.,"**Question:** What should a community health worker do if a child with fever has convulsions?

### 1. <

### <

In malaria-endemic areas, malaria should be suspected in any patient presenting

with a history of fever or temperature ≥ 37.5 °C and no other obvious cause. In areas

in which malaria transmission is stable (or during the high-transmission period of

seasonal malaria), malaria should also be suspected in children with palmar pallor

or a haemoglobin concentration of < 8 g/dL. High-transmission settings include

many parts of sub-Saharan Africa and some parts of Oceania.

In settings wher...

📄 **Reference:** Page 31

### 2. In all settings, suspected malaria should be confirmed with a parasitological test.

### In all settings, suspected malaria should be confirmed with a parasitological test.

In all settings, suspected malaria should be confirmed with a parasitological test.

The results of parasitological diagnosis should be available within a short time

(< 2 h) of the patient presenting. In settings where parasitological diagnosis is

not possible, a decision to provide antimalarial treatment must be based on the

probability that the illness is malaria.

In children < 5 years, the practical a...

📄 **Reference:** Page 32

### 3. should

### should

The threshold for administering antibiotic treatment should be low in severe malaria.

Septicaemia and severe malaria are associated, and there is substantial diagnostic

overlap, particularly in children in areas of moderate and high transmission. Thus broad-

spectrum antibiotic treatment should be given with antimalarial drugs to all children

with suspected severe malaria in areas of moderate and high transmission until a

bacterial infection is excluded. After the start of antim...

📄 **Reference:** Page 89

### 4. Untitled

The degree of acidosis is an important determinant of outcome; the plasma

bicarbonate or venous lactate concentration should be measured, if possible.

If facilities are available, arterial or capillary blood pH and gases should be

measured in patients who are unconscious, hyperventilating or in shock. Blood

should be taken for cross-matching, a full blood count, a platelet count, clotting

studies, blood culture and full biochemistry (if possible). Careful attention should

be paid to the pa...

📄 **Reference:** Page 78

### 5. SUSPECTED MALARIA

## SUSPECTED MALARIA

3.1 | SUSPECTED MALARIA

The signs and symptoms of malaria are non-specific. Malaria is suspected clinically

primarily on the basis of fever or a history of fever. There is no combination of

signs or symptoms that reliably distinguishes malaria from other causes of fever;

diagnosis based only on clinical features has very low specificity and results in

overtreatment. Other possible causes of fever and whether alternative or additional

treatment is required must always ...

📄 **Reference:** Page 31


---

Triage Level: RED (query may indicate danger signs — urgent assessment and referral per local protocol; excerpts are supportive information only)

Immediate Actions: Review the guideline excerpts above; align actions with national/WHO guidance and qualified supervision.

Next Steps / Monitoring: Consult the full source guideline or a clinician for patient-specific decisions.

When to Refer: Per excerpts and national guidance; seek urgent care if danger signs, severe disease, or instability is suspected.

Citations: Page 31, Page 32, Page 78, Page 89

---
**🧪 Guardrail Brain Validation:**

**⚠️ Warnings:**
• Potentially ungrounded clinical claim — no source match found for: ""What should a community health worker do if a child with fever has convulsions.""

",No — identical retrieval failure as previous case. No overlap with expected answer.,Yes — RED is correct.,"No — retrieved content is genuine guideline text, off-topic for the query.","Yes — critical, identical to previous case. This is now a confirmed repeatable failure: the same emergency management query returns the same wrong chunks on re-run, indicating this is a deterministic retrieval failure, not a stochastic one. This makes it more urgent to fix, not less — every CHW asking this question receives the same dangerous non-answer.","Identical to previous case — airway management, lateral positioning, rectal diazepam/lorazepam, IM paraldehyde, blood glucose check, pre-referral artesunate, urgent referral, >2 seizures classification rule, prophylactic anticonvulsant recommendation.","The fact that this is an exact duplicate response to the same query confirms the retrieval failure is fully deterministic. This has two implications beyond the previous case's notes: (1) no randomness or re-ranking is being applied between runs, meaning a fix will also be fully deterministic and testable; (2) this query should be added as a regression test case with an explicit pass criterion requiring retrieval of the convulsion management chunk. If this case was intentionally included as a duplicate to test consistency, it has successfully confirmed the system produces identical wrong output on identical input — which is useful for benchmarking a fix but underscores the urgency of the retrieval routing recommendation made in the previous case."
Q07,malaria,triage,When should a child with malaria be referred to a health facility instead of treated at community level?,163 and 210 and 219,"A child with malaria should be referred when any feature of severe malaria is present: impaired consciousness, prostration, more than two convulsions in 24 hours, severe respiratory distress, inability to tolerate oral medication, hypoglycaemia, severe anaemia, shock, jaundice, or hyperparasitaemia. A child who cannot take oral medication should also be referred. Before referral the child should receive a pre-referral dose of antimalarial treatment (IM artesunate or rectal artesunate for <6 years if IM not available) unless the referral time is less than 6 hours. Community-level treatment with an oral ACT is appropriate only for uncomplicated malaria confirmed by a positive RDT with no danger signs.","**Question:** When should a child with malaria be referred to a health facility instead of treated at community level?

### 1. higher-level facilities (pre-referral treatment)

### higher-level facilities (pre-referral treatment)

Treating cases of suspected severe malaria pending transfer to

higher-level facilities (pre-referral treatment)

Where complete treatment of severe malaria is not possible but injections are

available, give adults and children a single intramuscular dose of artesunate,

and refer to an appropriate facility for further care. Where intramuscular

artesunate is not available use intramuscular artemether or, if that is not

available, use intra...

📄 **Reference:** Page 84

### 2. Untitled

Guidelines for the treatment of malaria  3 R D E D I T I O N

The risk for death from severe malaria is greatest in the first 24 h, yet, in most

malaria-endemic countries, the transit time between referral and arrival at a

health facility where intravenous treatment can be administered is usually long,

thus delaying the start of appropriate antimalarial treatment. During this time,

the patient may deteriorate or die. It is therefore recommended that patients,

particularly young children, be...

📄 **Reference:** Page 85

### 3. In all settings, suspected malaria should be confirmed with a parasitological test.

### In all settings, suspected malaria should be confirmed with a parasitological test.

In all settings, suspected malaria should be confirmed with a parasitological test.

The results of parasitological diagnosis should be available within a short time

(< 2 h) of the patient presenting. In settings where parasitological diagnosis is

not possible, a decision to provide antimalarial treatment must be based on the

probability that the illness is malaria.

In children < 5 years, the practical a...

📄 **Reference:** Page 32

### 4. COMMUNITY CASE MANAGEMENT OF MALARIA

### COMMUNITY CASE MANAGEMENT OF MALARIA

14.7.1 | COMMUNITY CASE MANAGEMENT OF MALARIA

Community case management is recommended by WHO to improve access to prompt,

effective treatment of malaria episodes by trained community members living as

close as possible to the patients. Use of ACTs in this context is feasible, acceptable

and effective.19 Pre-referral treatment for severe malaria with rectal artesunate and

use of RDTs are also recommended in this context. Community case management

s...

📄 **Reference:** Page 124

### 5. Untitled

Any patient with malaria who is unable to take oral medications reliably, shows

any evidence of vital organ dysfunction or has a high parasite count is at increased

risk for dying. The exact risk depends on the species of infecting malaria parasite,

the number of systems affected, the degree of vital organ dysfunction, age,

background immunity, pre-morbid, and concomitant diseases, and access to

appropriate treatment. Tests such as a parasite count, haematocrit and blood

glucose may all be...

📄 **Reference:** Page 76


---

Triage Level: GREEN (evidence retrieval summary — not a substitute for bedside assessment; follow local protocols)

Immediate Actions: Review the guideline excerpts above; align actions with national/WHO guidance and qualified supervision.

Next Steps / Monitoring: Consult the full source guideline or a clinician for patient-specific decisions.

When to Refer: Per excerpts and national guidance; seek urgent care if danger signs, severe disease, or instability is suspected.

Citations: Page 32, Page 76, Page 84, Page 85, Page 124

---
**🧪 Guardrail Brain Validation:**

**⚠️ Warnings:**
• Potentially ungrounded clinical claim — no source match found for: ""When should a child with malaria be referred to a health facility instead of treated at community level.""

======================================================================","Partial — this is the strongest retrieval performance across all evaluated cases. The pre-referral treatment pathway and community case management context are present. However the explicit referral trigger list (all 10 criteria), the <6-hour transit rule exemption, and the RDT-positive-plus-no-danger-signs condition for community treatment are all absent. No synthesized direct answer produced.",No — GREEN is inappropriate for a query that is fundamentally about identifying when a child needs urgent referral for potential severe malaria. YELLOW at minimum is warranted; a case could be made for RED given the severe malaria referral criteria being discussed. GREEN underrepresents the acuity of the decision being made.,No — all retrieved content is genuine guideline text.,"Yes — moderate to high. The partial retrieval is better than previous emergency cases but the absence of the complete referral criteria list is clinically significant. A CHW acting on this response would understand that pre-referral artesunate exists and that community management is appropriate for some cases, but would lack the specific trigger list needed to make the community-vs-refer decision correctly. The GREEN triage classification additionally risks creating a false sense that this is a routine low-acuity query. The <6-hour transit rule exemption being missing could also lead to unnecessary pre-referral dosing delays or omissions.","The enumerated list of 10 referral triggers (impaired consciousness, prostration, >2 convulsions, respiratory distress, inability to take oral medication, hypoglycaemia, severe anaemia, shock, jaundice, hyperparasitaemia), the <6-hour transit time exemption from pre-referral dosing, and the explicit criteria for community-level treatment (positive RDT plus no danger signs).","This is the best-performing retrieval case in the evaluation set — relevant chunks were returned and partial clinical logic is present. The remaining gap is specificity: the system retrieved the ""what to do"" context around referral but not the ""when exactly to refer"" criteria list, which likely lives in a clinical assessment or triage chapter rather than the pre-referral treatment chapter. This suggests the query intent (decision threshold) is being matched to action content (what to do after deciding) rather than criterion content (how to decide). Two additional patterns worth flagging across the full 8-case evaluation: (1) triage classification errors are now present in both directions — RED when GREEN appropriate (quinine), GREEN when YELLOW/RED appropriate (this case, danger signs) — suggesting the triage logic has no stable calibration; (2) the guardrail false positive rate is 7 of 8 cases, confirming it should be treated as non-functional and disabled pending a full rewrite."
Q08,malaria,diagnosis,How do you interpret a positive versus negative RDT result for malaria?,164-166,A positive RDT confirms the presence of malaria parasite antigens and indicates the patient has malaria; treatment with an appropriate ACT should be started promptly. A negative RDT means malaria is very unlikely; antimalarial treatment should NOT be given and the patient should be reassessed for other common causes of fever and treated appropriately. Both results must be supported by a quality assurance programme. Note that HRP2-based RDTs can remain positive for 1‚Äì5 weeks after a successfully treated infection; if recent treatment is suspected an LDH-based or microscopy test is preferable.,"**Question:** How do you interpret a positive versus negative RDT result for malaria?

### 1. Microscopy

### Microscopy

RDT

Microscopy

Parasite

density

RDTs give only

a positive or a

negative result.

Uncomplicated

malaria

Yes

Yes

Severe malaria on

admission

Not

alonea

Yes

Microscopy

can also show

parasite density.

Follow-up of

admitted patientsb

No

Yes

139...

📄 **Reference:** Page 142

### 2. Microscopy

### Microscopy

RDT

Microscopy

Confirmed malaria

with persisting

fever despite

antimalarial

treatment

Antigen

persistence

RDTs detect

persisting

antigens

after parasite

clearance.c

No

Yes

Cases of confirmed

malaria not

previously tested

for malaria

Microscopy

gives a negative

result as soon as

the parasite is

cleared from the

patient’s blood.

Yes

Yes

Persisting fever

in people who

did not receive

antimalarial

treatment

Yes

Yes

Electricity

supply

RDTs do

not ...

📄 **Reference:** Page 143

### 3. 3

### 3

A

3

a This diagnostic test should not be used exclusively, and the other test is necessary.

b Parasite density is required to monitor response to treatment.

c RDTs to detect pLDH may give positive results up to 5–6 days after disappearance of the parasite, while those to

detect HRP2 give positive results up to 1–5 weeks after disappearance of the parasite.

d Both diagnostic techniques require minimum specific training.

e Both diagnostic techniques require regular supervisory suppo...

📄 **Reference:** Page 144

### 4. Rapid diagnostic tests

### Rapid diagnostic tests

Rapid diagnostic tests

Rapid diagnostic tests (RDTs) are immuno-chromatographic tests for detecting

parasite-specific antigens in a finger-prick blood sample. Some tests allow

detection of only one species (P. falciparum); others allow detection of one or

more of the other species of human malaria parasites (P. vivax, P. malariae and

P. ovale) (10–12). They are available commercially in various formats, e.g. dipsticks,

cassettes and cards. Cassettes and cards ar...

📄 **Reference:** Page 141

### 5. Untitled

Guidelines for the treatment of malaria  3 R D E D I T I O N

The average sensitivity of HRP2-detecting RDTs is generally greater than that of

RDTs for detecting pLDH of P. falciparum, but the latter are slightly more specific

because the HRP2 antigen may persist in blood for days or weeks after effective

treatment. HRP2-detecting RDTs are not suitable for detecting treatment failure.

RDTs are slightly less sensitive for detecting P. malariae and P. ovale. The WHO

Malaria RDT Product Testin...

📄 **Reference:** Page 121


---

Triage Level: GREEN (evidence retrieval summary — not a substitute for bedside assessment; follow local protocols)

Immediate Actions: Review the guideline excerpts above; align actions with national/WHO guidance and qualified supervision.

Next Steps / Monitoring: Consult the full source guideline or a clinician for patient-specific decisions.

When to Refer: Per excerpts and national guidance; seek urgent care if danger signs, severe disease, or instability is suspected.

Citations: Page 121, Page 141, Page 142, Page 143, Page 144

---
**🧪 Guardrail Brain Validation:**

**⚠️ Warnings:**
• Potentially ungrounded clinical claim — no source match found for: ""How do you interpret a positive versus negative RDT result for malaria.""

======================================================================","Partial — this is the second-strongest retrieval performance in the evaluation set. The HRP2 persistence detail (1–5 weeks) and pLDH comparison are present in retrieved chunks and match the expected answer precisely. However the core clinical decision logic — positive RDT means start ACT, negative RDT means withhold antimalarials and reassess — is absent from all chunks. The retrieved content describes what RDTs detect and their limitations but never states what the clinician should do with the result.",Yes — GREEN is appropriate for a diagnostic interpretation query with no implied acute danger signs.,No — all retrieved content is genuine guideline text and the HRP2/pLDH figures match the expected answer exactly.,"Moderate — the absence of the explicit ""negative RDT = do not give antimalarials"" instruction is the key gap. Withholding antimalarials based on a negative RDT is a guideline-critical decision; a CHW who receives only technical information about how RDTs work but no instruction on what action to take could default to treating anyway, undermining the entire rationale for RDT-guided treatment. The positive RDT = start ACT instruction is similarly absent. Quality assurance programme requirement also missing but lower clinical urgency.","The action instructions for both results (start ACT for positive; withhold antimalarials and reassess for negative), the quality assurance programme requirement, and the recommendation to use LDH-based or microscopy testing when recent prior treatment is suspected.","This case shows the clearest example of a retrieval-synthesis gap in the entire evaluation set. The system retrieved genuinely relevant and partially correct content — including exact figures that appear in the expected answer — but failed to retrieve or synthesize the action-oriented interpretation rules that are the actual answer to the question. The chunks describe RDT biology and limitations; the expected answer describes RDT-guided clinical decisions. These likely live in different sections of the guidelines (diagnostics chapter vs case management chapter) with low lexical overlap. This is distinct from the emergency management retrieval failures seen in earlier cases and represents a third failure mode: correct topic, wrong section type. Across the full 9-case evaluation the three failure modes are now clearly defined — (1) dosing tables under-retrieved relative to prose, (2) emergency action chunks not retrieved for emergency queries, (3) action/decision content not retrieved when diagnostic/descriptive content dominates. The guardrail false positive rate is now 8 of 9 cases; it should be considered fully non-functional."
Q09,malaria,diagnosis,What are the common causes of fever in children other than malaria?,163-164,"The WHO guidelines note that malaria signs and symptoms are non-specific and that fever in children may be due to many other causes which must always be considered. Common alternative or co-existing diagnoses mentioned in the guidelines include: pneumonia, septicaemia (bacteraemia), meningitis (bacterial meningitis must be excluded by lumbar puncture in unconscious children), urinary tract infection, and systemic Salmonella infections. In areas of high malaria transmission empirical broad-spectrum antibiotics should accompany antimalarial treatment in severely ill children until bacterial infection is excluded.","**Question:** What are the common causes of fever in children other than malaria?

### 1. SUSPECTED MALARIA

## SUSPECTED MALARIA

3.1 | SUSPECTED MALARIA

The signs and symptoms of malaria are non-specific. Malaria is suspected clinically

primarily on the basis of fever or a history of fever. There is no combination of

signs or symptoms that reliably distinguishes malaria from other causes of fever;

diagnosis based only on clinical features has very low specificity and results in

overtreatment. Other possible causes of fever and whether alternative or additional

treatment is required must always ...

📄 **Reference:** Page 31

### 2. <

### <

In malaria-endemic areas, malaria should be suspected in any patient presenting

with a history of fever or temperature ≥ 37.5 °C and no other obvious cause. In areas

in which malaria transmission is stable (or during the high-transmission period of

seasonal malaria), malaria should also be suspected in children with palmar pallor

or a haemoglobin concentration of < 8 g/dL. High-transmission settings include

many parts of sub-Saharan Africa and some parts of Oceania.

In settings wher...

📄 **Reference:** Page 31

### 3. MANAGEMENT OF SEIZURES

### MANAGEMENT OF SEIZURES

4.7.4 | MANAGEMENT OF SEIZURES

Generalized seizures are more common in children with P. falciparum malaria than

in those with malaria due to other species. This suggests an overlap between the

cerebral pathology resulting from falciparum malaria and febrile convulsions.

As seizures may be a prodrome of cerebral malaria, patients who have more than

two seizures within a 24-h period should be treated as for severe malaria. If the

seizures continue, the airways sho...

📄 **Reference:** Page 48

### 4. should

### should

The threshold for administering antibiotic treatment should be low in severe malaria.

Septicaemia and severe malaria are associated, and there is substantial diagnostic

overlap, particularly in children in areas of moderate and high transmission. Thus broad-

spectrum antibiotic treatment should be given with antimalarial drugs to all children

with suspected severe malaria in areas of moderate and high transmission until a

bacterial infection is excluded. After the start of antim...

📄 **Reference:** Page 89

### 5. Cautions

### Cautions

Cautions

Although seasonal malaria chemoprevention with amodiaquine + SP is generally

effective in preventing malaria, breakthrough infections may occur. It is important

that parents or guardians continue to use other malaria prevention measures (such

as insecticide-treated bednets) and monitor their children; they should seek medical

attention immediately in the event of febrile illness. Should malaria infection

occur while the child is on amodiaquine + SP, the treatment cho...

📄 **Reference:** Page 210


---

Triage Level: GREEN (evidence retrieval summary — not a substitute for bedside assessment; follow local protocols)

Immediate Actions: Review the guideline excerpts above; align actions with national/WHO guidance and qualified supervision.

Next Steps / Monitoring: Consult the full source guideline or a clinician for patient-specific decisions.

When to Refer: Per excerpts and national guidance; seek urgent care if danger signs, severe disease, or instability is suspected.

Citations: Page 31, Page 48, Page 89, Page 210

---
**🧪 Guardrail Brain Validation:**

**⚠️ Warnings:**
• Potentially ungrounded clinical claim — no source match found for: ""What are the common causes of fever in children other than malaria.""

======================================================================","Partial — two of the five expected answer components are present: the non-specific symptoms caveat (Page 31) and the empirical antibiotic recommendation (Page 89). The specific differential diagnosis list (pneumonia, septicaemia, meningitis, UTI, systemic Salmonella) and the lumbar puncture instruction for unconscious children are entirely absent. No synthesized direct answer produced.",Yes — GREEN is appropriate for a differential diagnosis query with no implied acute presentation.,No — all retrieved content is genuine guideline text. Chunk 5 (Page 210) is off-topic but not fabricated.,"Moderate — the lumbar puncture instruction for unconscious children is the highest-risk omission. Bacterial meningitis has a narrow treatment window and missing this instruction in a CHW-facing tool could contribute to delayed diagnosis. The differential diagnosis list being absent means a CHW receives no specific alternative diagnoses to consider, limiting the practical utility of the non-specific symptoms caveat that was correctly retrieved.","The enumerated differential diagnosis list (pneumonia, septicaemia, meningitis, UTI, systemic Salmonella), the lumbar puncture requirement for unconscious children to exclude bacterial meningitis, and a synthesized direct answer integrating all components.","This is the third case where partial retrieval succeeds on contextual/principle content but fails on the specific enumerated list that constitutes the clinically actionable answer. Page 31 consistently retrieves the non-specific symptoms principle but appears to be chunked separately from the differential diagnosis list that follows it in the guidelines — the list likely begins mid-page or on the next page and falls into a different chunk with lower query relevance. Page 89 continues to retrieve reliably for antibiotic co-treatment, consistent with its appearance in earlier cases. Chunk 5 (Page 210, chemoprevention cautions) is the first clearly irrelevant chunk retrieved across the evaluation set and may indicate query drift when no higher-scoring chunks are available. Across the full 10-case evaluation, the synthesis failure is now universal — not a single case has produced a direct composed answer — confirming this is a systematic architectural gap rather than case-specific retrieval noise. Final guardrail tally: 9 false positives out of 10 cases evaluated; 1 true positive (quinine loading dose case where the warning was wrong but at least triggered on clinical content). Recommend treating guardrail as P0 broken and synthesis layer as P1 broken in the next sprint."
Q10,malaria,treatment,What is the recommended treatment for uncomplicated malaria in children?,167-168,Uncomplicated P. falciparum malaria in children should be treated with one of the WHO-recommended artemisinin-based combination therapies (ACTs) for 3 days: artemether-lumefantrine (AL); artesunate+amodiaquine (AS+AQ); artesunate+mefloquine (ASMQ); dihydroartemisinin+piperaquine (DHAP); artesunate+sulfadoxine-pyrimethamine (AS+SP); or artesunate-pyronaridine (ASPY). Dosing is weight-based. AS+SP and ASPY are not recommended in the first trimester of pregnancy. For infants weighing <5 kg the same mg/kg target dose as for 5 kg children is used.,"**Question:** What is the recommended treatment for uncomplicated malaria in children?

### 1. Should infants with uncomplicated malaria receive higher mg/kg doses of ACT than older children?

### Should infants with uncomplicated malaria receive higher mg/kg doses of ACT than older children? A4.6 Should infants with uncomplicated malaria receive higher mg/kg doses of ACT than older children?...

📄 **Reference:** Page 165

### 2. Treating severe malaria

### Treating severe malaria

Treating severe malaria

Treat adults and children with severe malaria (including infants, pregnant

women in all trimesters and lactating women) with intravenous or intramuscular

artesunate for at least 24 h and until they can tolerate oral medication. Once a

patient has received at least 24 h of parenteral therapy and can tolerate oral

therapy, complete treatment with 3 days of an ACT (add single dose primaquine

in areas of low transmission).

Strong recommenda...

📄 **Reference:** Page 75

### 3. Treating severe malaria

### Treating severe malaria

Treating severe malaria

Treat adults and children with severe malaria (including infants, pregnant

women in all trimesters and lactating women) with intravenous or intramuscular

artesunate for at least 24 h and until they can tolerate oral medication. Once

a patient has received at least 24 h of parenteral therapy and can tolerate oral

therapy, complete treatment with 3 days of ACT (add single dose primaquine

in areas of low transmission).

Strong recommendatio...

📄 **Reference:** Page 14

### 4. Untitled

Guidelines for the treatment of malaria  3 R D E D I T I O N

Desirable

Undesirable

Treat infants weighing < 5 kg with uncomplicated P. falciparum malaria with an ACT.

The weight-adjusted dose should achieve the same mg/kg bw target dose as for

children weighing 5 kg.

There is some evidence

that artemether +

lumefantrine and

dihydroartemisinin

+ piperaquine may

achieve lower plasma

concentrations in infants

than in older children

and adults.

Strong

Conditional

Conditional

Strong...

📄 **Reference:** Page 165

### 5. Untitled

Guidelines for the treatment of malaria  3 R D E D I T I O N

Desirable

Undesirable

Treat adults and children with severe malaria with intravenous or intramuscular

artesunate for at least 24 h (including infants, pregnant women in all trimesters and

lactating women).

In both adults and children, parenteral artesunate

prevented more deaths than parenteral quinine

(high-quality evidence).

For intravenous administration, artesunate is

given as a bolus, whereas quinine requires slow

infusi...

📄 **Reference:** Page 177


---

Triage Level: GREEN (evidence retrieval summary — not a substitute for bedside assessment; follow local protocols)

Immediate Actions: Review the guideline excerpts above; align actions with national/WHO guidance and qualified supervision.

Next Steps / Monitoring: Consult the full source guideline or a clinician for patient-specific decisions.

When to Refer: Per excerpts and national guidance; seek urgent care if danger signs, severe disease, or instability is suspected.

Citations: Page 14, Page 75, Page 165, Page 177

---
**🧪 Guardrail Brain Validation:**

**⚠️ Warnings:**
• Potentially ungrounded clinical claim — no source match found for: ""What is the recommended treatment for uncomplicated malaria in children.""

======================================================================","Partial — the infant <5 kg dosing principle is correctly retrieved and matches one element of the expected answer. The core answer (list of six recommended ACTs, 3-day duration, weight-based dosing principle) is absent. Three chunks are actively off-topic, covering severe rather than uncomplicated malaria treatment.",Yes — GREEN is appropriate for an uncomplicated malaria treatment query with no danger signs implied.,No — all retrieved content is genuine guideline text. The severe malaria chunks are off-topic but not fabricated.,"Moderate — the most clinically significant gap is the complete absence of the ACT options list. A CHW or prescriber receiving this response cannot determine which drug to give. Additionally, three chunks about severe malaria treatment appearing in response to an uncomplicated malaria query creates a risk of treatment escalation: a reader skimming the response could incorrectly infer that IV/IM artesunate is the recommended treatment for the child in front of them. The AS+SP and ASPY first-trimester contraindication is also missing, relevant if the query is applied to adolescent girls.","The complete list of six WHO-recommended ACTs (AL, AS+AQ, ASMQ, DHAP, AS+SP, ASPY), explicit 3-day treatment duration for uncomplicated malaria, weight-based dosing principle for the general population, first-trimester contraindications for AS+SP and ASPY, and a synthesized direct answer.","This case introduces a fourth distinct retrieval failure mode: query-level misclassification where ""uncomplicated malaria treatment"" retrieves severe malaria treatment chunks. The word ""treatment"" and ""children"" overlap strongly with severe malaria management content, and the uncomplicated malaria ACT recommendations appear to live in a section with lower embedding similarity to the query than the severe malaria treatment section. The duplicate retrieval of Pages 75 and 14 (identical content, different page references) also indicates a deduplication failure in the indexing pipeline — the same text block has been indexed twice under different page numbers, wasting a retrieval slot and reducing response diversity. This is a new technical bug not previously observed. Final pattern summary across all 11 evaluated cases: (1) dosing tables under-retrieved vs prose — 3 cases; (2) emergency action chunks missed — 2 cases; (3) action/decision content missed when descriptive content retrieved — 3 cases; (4) query misclassification pulling wrong severity tier — 1 case; (5) duplicate chunk indexing — 1 case; (6) synthesis layer failure — 11 of 11 cases universal. Guardrail false positive rate: 10 of 11 cases. Both the guardrail and synthesis layer should now be treated as confirmed broken systems requiring full rebuild before production deployment."
Q11,malaria,treatment,What pre-referral treatment should be given for severe malaria before transport?,219-220,"For children under 6 years the pre-referral options in descending order of preference are: (1) intramuscular artesunate ‚Äî the preferred option; (2) rectal artesunate 10 mg/kg bw as a single dose, used only when IM artesunate is not available; (3) intramuscular artemether; (4) intramuscular quinine. For older children and adults the preferred options are IM artesunate, then IM artemether, then IM quinine. After giving pre-referral treatment the child must be referred immediately to a facility where IV/IM treatment can be continued. If referral is impossible rectal artesunate can be continued until the child tolerates oral ACT.","**Question:** What pre-referral treatment should be given for severe malaria before transport?

### 1. higher-level facilities (pre-referral treatment)

### higher-level facilities (pre-referral treatment)

Treating cases of suspected severe malaria pending transfer to

higher-level facilities (pre-referral treatment)

Where complete treatment of severe malaria is not possible but injections are

available, give adults and children a single intramuscular dose of artesunate,

and refer to an appropriate facility for further care. Where intramuscular

artesunate is not available use intramuscular artemether or, if that is not

available, use intra...

📄 **Reference:** Page 84

### 2. Pre-referral treatment options

### Pre-referral treatment options

Pre-referral treatment options

Where complete treatment of severe malaria is not possible but injections are

available, give adults and children a single intramuscular dose of artesunate, and

refer to an appropriate facility for further care. Where intramuscular artesunate

is not available use intramuscular artemether or, if that is not available, use

intramuscular quinine.

Strong recommendation, moderate-quality evidence

Where intramuscular injection o...

📄 **Reference:** Page 15

### 3. Pre-referral treatment options

### Pre-referral treatment options

Pre-referral treatment options

Where complete treatment of severe malaria is not possible but injections are

available, give adults and children a single intramuscular dose of artesunate,

and refer to an appropriate facility for further care. Where intramuscular

artesunate is not available use intramuscular artemether or, if that is not

available, use intramuscular quinine.

Strong recommendation, moderate-quality evidence

Where intramuscular injections ...

📄 **Reference:** Page 75

### 4. Untitled

Guidelines for the treatment of malaria  3 R D E D I T I O N

The risk for death from severe malaria is greatest in the first 24 h, yet, in most

malaria-endemic countries, the transit time between referral and arrival at a

health facility where intravenous treatment can be administered is usually long,

thus delaying the start of appropriate antimalarial treatment. During this time,

the patient may deteriorate or die. It is therefore recommended that patients,

particularly young children, be...

📄 **Reference:** Page 85

### 5. Rectal artesunate versus placebo for pre-referral treatment of severe malaria in children

### Rectal artesunate versus placebo for pre-referral treatment of severe malaria in children

Rectal artesunate versus placebo for pre-referral treatment of severe malaria in children...

📄 **Reference:** Page 190


---

Triage Level: RED (query may indicate danger signs — urgent assessment and referral per local protocol; excerpts are supportive information only)

Immediate Actions: Review the guideline excerpts above; align actions with national/WHO guidance and qualified supervision.

Next Steps / Monitoring: Consult the full source guideline or a clinician for patient-specific decisions.

When to Refer: Per excerpts and national guidance; seek urgent care if danger signs, severe disease, or instability is suspected.

Citations: Page 15, Page 75, Page 84, Page 85, Page 190

---
**🧪 Guardrail Brain Validation:**

**⚠️ Warnings:**
• Potentially ungrounded clinical claim — no source match found for: ""What pre-referral treatment should be given for severe malaria before transport.""","Partial — the first-preference option (IM artesunate) and the fallback sequence (IM artemether → IM quinine) are present in the triplicate chunks. However the age stratification (<6 years vs older children/adults), the rectal artesunate 10 mg/kg dose as second-line option specifically for <6 years, the instruction to continue rectal artesunate if referral is impossible, and the oral ACT transition endpoint are all absent. No synthesized direct answer produced.",Yes — RED is appropriate for a pre-referral severe malaria treatment query.,No — all retrieved content is genuine guideline text.,"Moderate — the missing age stratification for rectal artesunate is the key clinical gap. Rectal artesunate is indicated only for children <6 years when IM is unavailable; without this age restriction a provider could incorrectly administer rectal artesunate to older children or adults where it is not recommended. The 10 mg/kg dose being absent compounds this — a provider knowing rectal artesunate is appropriate but not the dose has incomplete actionable information. The ""continue if referral impossible"" instruction being absent could also lead to untreated gaps in care in remote settings.","Age stratification for rectal artesunate (<6 years only), rectal artesunate dose (10 mg/kg single dose), rectal artesunate as explicitly second-line when IM unavailable, instruction to continue rectal artesunate if referral is impossible, oral ACT as the transition endpoint once tolerated, and a synthesized direct answer composing all options in priority order.","The triplicate retrieval of identical content across Pages 15, 75, and 84 is the most severe deduplication failure observed in the evaluation set — three of five retrieval slots consumed by the same text block, leaving only two slots for complementary content. This directly caused the age stratification and dose details to be crowded out. The duplicate indexing bug first flagged in Case 11 is now confirmed as a systemic indexing problem affecting multiple content blocks, not an isolated incident. Across all 12 evaluated cases the deduplication failure has now appeared in at least 2 cases and likely contributed to retrieval gaps in others. Updated final pattern summary: (1) dosing tables under-retrieved — 3 cases; (2) emergency action chunks missed — 2 cases; (3) action/decision content missed — 3 cases; (4) severity tier misclassification — 1 case; (5) duplicate/triplicate chunk indexing consuming retrieval slots — 2 cases confirmed; (6) synthesis layer failure — 12 of 12 cases universal; (7) guardrail false positive — 11 of 12 cases. Recommended sprint priorities in order: (1) deduplication fix in indexing pipeline — highest leverage, provably causing direct retrieval harm; (2) synthesis layer rebuild — universal failure; (3) guardrail rewrite — 11/12 false positive rate; (4) age-stratified and dose-specific chunk tagging for pre-referral content."
Q12,malaria,treatment,How should a child with a negative RDT but persistent fever be managed?,164-166,"A negative RDT makes malaria very unlikely. Antimalarial treatment should not be given. The child should be carefully reassessed for other causes of fever (pneumonia, septicaemia, meningitis, urinary tract infection). Antipyretics (paracetamol 15 mg/kg bw every 4‚Äì6 hours) may be given for fever relief. If the clinical picture is compatible with severe illness broad-spectrum antibiotics should be considered. Blood films or a repeat RDT using an LDH-based test should be done if the child deteriorates or if severe malaria remains clinically suspected despite a negative HRP2-based RDT, since HRP2 deletions or prior treatment can produce false-negative results.","**Question:** How should a child with a negative RDT but persistent fever be managed?

### 1. Microscopy

### Microscopy

RDT

Microscopy

Confirmed malaria

with persisting

fever despite

antimalarial

treatment

Antigen

persistence

RDTs detect

persisting

antigens

after parasite

clearance.c

No

Yes

Cases of confirmed

malaria not

previously tested

for malaria

Microscopy

gives a negative

result as soon as

the parasite is

cleared from the

patient’s blood.

Yes

Yes

Persisting fever

in people who

did not receive

antimalarial

treatment

Yes

Yes

Electricity

supply

RDTs do

not ...

📄 **Reference:** Page 143

### 2. should

### should

The threshold for administering antibiotic treatment should be low in severe malaria.

Septicaemia and severe malaria are associated, and there is substantial diagnostic

overlap, particularly in children in areas of moderate and high transmission. Thus broad-

spectrum antibiotic treatment should be given with antimalarial drugs to all children

with suspected severe malaria in areas of moderate and high transmission until a

bacterial infection is excluded. After the start of antim...

📄 **Reference:** Page 89

### 3. 3

### 3

A

3

a This diagnostic test should not be used exclusively, and the other test is necessary.

b Parasite density is required to monitor response to treatment.

c RDTs to detect pLDH may give positive results up to 5–6 days after disappearance of the parasite, while those to

detect HRP2 give positive results up to 1–5 weeks after disappearance of the parasite.

d Both diagnostic techniques require minimum specific training.

e Both diagnostic techniques require regular supervisory suppo...

📄 **Reference:** Page 144

### 4. FAILURE AFTER 28 DAYS

### FAILURE AFTER 28 DAYS

4.4.2 | FAILURE AFTER 28 DAYS

Recurrence of fever and parasitaemia > 4 weeks after treatment may be due to

either recrudescence or a new infection. The distinction can be made only by PCR

genotyping of parasites from the initial and the recurrent infections.

As PCR is not routinely used in patient management, all presumed treatment

failures after 4 weeks of initial treatment should, from an operational standpoint,

be considered new infections and be treated with ...

📄 **Reference:** Page 44

### 5. In all settings, suspected malaria should be confirmed with a parasitological test.

### In all settings, suspected malaria should be confirmed with a parasitological test.

In all settings, suspected malaria should be confirmed with a parasitological test.

The results of parasitological diagnosis should be available within a short time

(< 2 h) of the patient presenting. In settings where parasitological diagnosis is

not possible, a decision to provide antimalarial treatment must be based on the

probability that the illness is malaria.

In children < 5 years, the practical a...

📄 **Reference:** Page 32


---

Triage Level: GREEN (evidence retrieval summary — not a substitute for bedside assessment; follow local protocols)

Immediate Actions: Review the guideline excerpts above; align actions with national/WHO guidance and qualified supervision.

Next Steps / Monitoring: Consult the full source guideline or a clinician for patient-specific decisions.

When to Refer: Per excerpts and national guidance; seek urgent care if danger signs, severe disease, or instability is suspected.

Citations: Page 32, Page 44, Page 89, Page 143, Page 144

---
**🧪 Guardrail Brain Validation:**

**⚠️ Warnings:**
• Potentially ungrounded clinical claim — no source match found for: ""How should a child with a negative RDT but persistent fever be managed.""

======================================================================","Partial — three elements are retrievable from the chunks: the HRP2 antigen persistence issue (Pages 143–144 combined), the antibiotic consideration for severe illness (Page 89), and the principle that parasitological confirmation is required (Page 32). However the core management instructions are absent: do not give antimalarials, reassess for alternative diagnoses, paracetamol dosing (15 mg/kg every 4–6 hours), the explicit LDH-based RDT repeat recommendation, and the HRP2 gene deletion as a false-negative cause are all missing. Chunk 4 (Page 44, treatment failure after 28 days) is off-topic and consumes a retrieval slot.",Yes — GREEN is appropriate for a stable child with negative RDT and persistent fever with no danger signs implied in the query.,No — all retrieved content is genuine guideline text.,"Moderate — two distinct safety gaps. First, the ""do not give antimalarials"" instruction is absent; a CHW could default to treating empirically despite a negative RDT, which the guidelines explicitly advise against and which drives drug resistance. Second, the paracetamol dose (15 mg/kg every 4–6 hours) is absent; this is the only actionable immediate management step for the child's comfort and fever control and its omission leaves the response clinically incomplete. The HRP2 false-negative scenario is partially covered by retrieved content but not synthesized into an actionable instruction.","Explicit instruction not to give antimalarials, reassessment for alternative diagnoses (pneumonia, septicaemia, meningitis, UTI), paracetamol 15 mg/kg every 4–6 hours for fever, recommendation to repeat with LDH-based RDT or blood film if child deteriorates, HRP2 gene deletion as a cause of false-negative results (distinct from antigen persistence after treatment), and a synthesized direct management answer.","This case shows the clearest example yet of retrieved content being clinically useful but not synthesized — Pages 143–144 together contain most of the HRP2/pLDH information needed, and Page 89 covers antibiotics, but without synthesis these remain disconnected fragments. The paracetamol dosing omission is notable as a different failure type from previous cases: this is not a retrieval chunking problem but likely a content gap — antipyretic dosing may not be covered in the malaria treatment guidelines at all and may require cross-referencing an IMCI or fever management guideline. If true, this represents a knowledge base scope limitation rather than a retrieval failure, and should be flagged separately from the chunking and synthesis bugs. Final cumulative pattern update across 13 cases: synthesis failure 13/13; guardrail false positive 12/13; duplicate indexing confirmed 2+ cases; knowledge base scope gap suspected 1 case (paracetamol dosing). Recommend adding a knowledge base coverage audit as a parallel workstream to the retrieval and synthesis fixes already recommended."
Q13,malaria,prevention,What is the recommendation for insecticide-treated bed nets for malaria prevention?,2026-05-08 00:00:00,"WHO strongly recommends that pyrethroid-only long-lasting insecticidal nets (LLINs) be deployed for the prevention and control of malaria in children and adults living in areas with ongoing malaria transmission (strong recommendation, high certainty evidence). In areas where the principal vector exhibits pyrethroid resistance, pyrethroid-PBO or pyrethroid-chlorfenapyr ITNs are conditionally recommended. Optimal coverage should be achieved through mass free distribution campaigns combined with continuous distribution via ANC clinics and the Expanded Programme on Immunization. All ITNs selected should be WHO prequalified. Recipients should continue using nets regardless of the net's age or condition until a replacement is available.","No — complete retrieval miss. Zero overlap with expected answer. The only ITN mention across all five chunks is a single incidental reference in the chemoprevention cautions chunk (Page 210) noting that parents should ""continue to use other malaria prevention measures such as insecticide-treated bednets"" — this is contextually adjacent but contains none of the specific recommendation content.",Yes — GREEN is appropriate for a prevention policy query with no acute clinical presentation implied.,"No — all retrieved content is genuine guideline text, entirely off-topic for the query.","Low — this is a prevention/policy query rather than an acute management query, so the retrieval failure does not carry immediate patient safety risk. However the complete absence of ITN guidance in a tool intended for CHWs in malaria-endemic settings is a programmatic concern: CHWs receiving no ITN guidance cannot counsel families on the single most impactful malaria prevention intervention available to them.","Every element of the expected answer — pyrethroid-only LLIN strong recommendation, pyrethroid-resistance area guidance (PBO and chlorfenapyr nets), mass distribution plus ANC/EPI continuous distribution channels, WHO prequalification requirement, and the continue-until-replacement instruction.","This is the most complete retrieval failure in the evaluation set — five chunks retrieved, zero relevant content. The failure mode is a new fifth type: topic-level retrieval drift where a prevention query about vector control is answered entirely with chemoprevention content. ""Malaria prevention"" as a query string appears to have strong embedding similarity to the SMC/chemoprevention section, which dominates the index, while the ITN/vector control section sits in a different part of the guidelines with lower query overlap. This suggests the ITN content may be sparsely represented in the index or that the chemoprevention section is disproportionately large and dominates prevention-related queries. The incidental ITN mention in Page 210 scoring as the top result confirms the embedding is latching onto surface-level keyword co-occurrence rather than semantic intent. Updated final pattern summary across 14 cases: (1) dosing tables under-retrieved — 3 cases; (2) emergency action chunks missed — 2 cases; (3) action/decision content missed — 3 cases; (4) severity tier misclassification — 1 case; (5) duplicate/triplicate chunk indexing — 2 cases; (6) topic-level drift to adjacent section — 2 cases confirmed (danger signs → pre-referral; ITN → SMC); (7) knowledge base scope gap suspected — 1 case; (8) synthesis failure — 14/14 universal; (9) guardrail false positive — 13/14. Recommend adding section-level metadata tagging as the highest-priority indexing fix — chunks tagged with their guideline chapter (vector control, case management, chemoprevention, diagnostics) would allow query routing to bypass cross-section embedding drift entirely.",
Q14,malaria,prevention,What is intermittent preventive treatment in pregnancy (IPTp) and when should it be given?,103-104,"Intermittent preventive treatment in pregnancy (IPTp) is the administration of a full therapeutic course of an antimalarial at predetermined intervals regardless of whether the woman is infected, to reduce disease burden and adverse pregnancy outcomes in malaria-endemic areas. Sulfadoxine-pyrimethamine (SP) is the recommended drug: 3 tablets (total 1500 mg/75 mg SP) given as directly observed therapy at each scheduled ANC contact. IPTp-SP should start as early as possible in the second trimester and not before week 13 of pregnancy. Doses must be at least one month apart and at least three doses should be received during the pregnancy. IPTp-SP is contraindicated before week 13, in women on cotrimoxazole, and in those who cannot take oral medication.","Your question: What is intermittent preventive treatment in pregnancy (IPTp) and when should it be given?

======================================================================
**WHO guidelines for malaria - 13 August 2025**

**Question:** What is intermittent preventive treatment in pregnancy (IPTp) and when should it be given?

### 1. Intermittent preventive treatment of malaria in pregnancy

### Intermittent preventive treatment of malaria in pregnancy

Intermittent preventive treatment of malaria in pregnancy

In malaria-endemic areas in Africa, provide intermittent preventive treatment

with SP to all women in their first or second pregnancy (SP-IPTp) as part of

antenatal care. Dosing should start in the second trimester and doses should

be given at least 1 month apart, with the objective of ensuring that at least

three doses are received.

Strong recommendation, high-quality e...

📄 **Reference:** Page 103

### 2. Other considerations

### Other considerations

Other considerations

The guideline development group noted that the beneficial effects were obvious

in women in their first and second pregnancies. There was less information

on women in their third or later pregnancy, but the available information was

consistent with benefit.

Kayentao K, Garner P, van Eijk AM, Naidoo I, Roper C, Mulokozi A, et al. Intermittent preventive therapy

for malaria during pregnancy using 2 vs 3 or more doses of sulfadoxine–pyrimethamine ...

📄 **Reference:** Page 104

### 3. Untitled

Guidelines for the treatment of malaria  3 R D E D I T I O N

Malaria infection during pregnancy is a major public health problem, with substantial

risks for the mother, her fetus and the newborn. WHO recommends a package of

interventions for preventing and controlling malaria during pregnancy, which includes

promotion and use of insecticide-treated nets, appropriate case management with

prompt, effective treatment and, in areas with moderate to high transmission of

P. falciparum, administr...

📄 **Reference:** Page 105

### 4. Source:

### Source:

Comparison: Two doses of sulfadoxine–pyrimethamine

Source: Kayentao K, Garner P, Maria van Eijk A, Naidoo I, Roper C, Mulokozi A, et al. Intermittent preventive therapy for malaria during pregnancy using 2 vs 3 or more doses

of sulfadoxine + pyrimethamine and risk of low birth weight in Africa: systematic review and meta-analysis. JAMA 2013;309:594–604.

The assumed risk is the median risk in the control group; the corresponding risk (and its 95% CI) is calculated by applying the ...

📄 **Reference:** Page 200

### 5. Therapeutic indications

### Therapeutic indications

Therapeutic indications

Sulfadoxine–pyrimethamine (SP) is indicated in areas of moderate to high

malaria transmission intensity for intermittent preventive treatment of malaria in

pregnant women in their first and second pregnancy and in infants. SP is used in

combination with amodiaquine for seasonal malaria chemoprevention in children

in areas with highly seasonal malaria transmission, and, in the few areas in which

it remains effective, SP can be used with a...

📄 **Reference:** Page 271


---

Triage Level: GREEN (evidence retrieval summary — not a substitute for bedside assessment; follow local protocols)

Immediate Actions: Review the guideline excerpts above; align actions with national/WHO guidance and qualified supervision.

Next Steps / Monitoring: Consult the full source guideline or a clinician for patient-specific decisions.

When to Refer: Per excerpts and national guidance; seek urgent care if danger signs, severe disease, or instability is suspected.

Citations: Page 103, Page 104, Page 105, Page 200, Page 271

---
**🧪 Guardrail Brain Validation:** ✅ Passed

======================================================================

--------------------------------------------------
","Partial — strong. The core recommendation elements are present: SP as recommended drug, second trimester start, minimum 1 month between doses, minimum 3 doses, first and second pregnancy indication. Missing: the specific tablet count and dose (3 tablets, 1500 mg/75 mg), directly observed therapy requirement, the week 13 earliest start restriction, the cotrimoxazole contraindication, the unable-to-take-oral-medication contraindication, and the definition of IPTp as given regardless of infection status. No synthesized direct answer produced.",Yes — GREEN is appropriate for an antenatal prevention protocol query.,No — all retrieved content is genuine guideline text and aligns with expected answer content.,"Moderate — the cotrimoxazole contraindication is the highest-risk omission. Co-administration of SP and cotrimoxazole carries a risk of severe adverse reactions; a provider unaware of this contraindication could administer SP-IPTp to an HIV-positive woman on cotrimoxazole prophylaxis, which is a common co-morbidity profile in sub-Saharan Africa where IPTp is delivered. The week 13 restriction being absent is a secondary safety concern — SP in the first trimester carries teratogenicity risk.","Specific tablet count and total dose (3 tablets, 1500 mg/75 mg SP), directly observed therapy requirement, week 13 as the earliest permissible start date, cotrimoxazole contraindication, unable-to-take-oral-medication contraindication, and the definition of IPTp as administered regardless of infection status.","This is the first case in the evaluation set where retrieval is functioning close to correctly — topically relevant chunks, no duplicates, no topic drift, guardrail correctly passing. The remaining gaps are all in the synthesis layer: the correct chunks are present but the specific dose, DOT requirement, week 13 floor, and contraindications are either in truncated portions of retrieved chunks (indicated by ""..."" at chunk ends) or in sections not retrieved. The truncation pattern is notable — multiple chunks end mid-sentence with ""..."" suggesting the chunking size is cutting off clinically critical details that follow the retrieved opening sentences. This is a new specific variant of the chunking failure mode: not wrong chunks but insufficiently long chunks. Updated final pattern summary across 15 cases: (1) dosing tables under-retrieved — 3 cases; (2) emergency action chunks missed — 2 cases; (3) action/decision content missed — 3 cases; (4) severity tier misclassification — 1 case; (5) duplicate/triplicate indexing — 2 cases; (6) topic-level drift — 2 cases; (7) knowledge base scope gap — 1 case; (8) chunk truncation cutting off critical details — 1 case confirmed, likely contributing to multiple earlier cases; (9) synthesis failure — 15/15 universal; (10) guardrail false positive — 13/15; guardrail true pass — 2/15. Chunk size increase for clinical recommendation sections should be added to the indexing fix recommendations alongside deduplication and section-level metadata tagging."
Q15,malaria,contraindication,Are ACTs safe to use in the first trimester of pregnancy?,18 and 180,"""Artemether-lumefantrine (AL) is now recommended for the treatment of uncomplicated P. falciparum malaria in the first trimester of pregnancy (strong recommendation low certainty evidence) — this is a change from the previous quinine-based recommendation. Evidence from over 1000 pregnancies suggests AL is safe and more effective than quinine in this setting. Artesunate+SP and artesunate-pyronaridine are NOT recommended in the first trimester (antifolates are contraindicated; no safety data exist for ASPY in first trimester). For other ACTs (AS+AQ ASMQ DHAP) evidence is insufficient for routine first-trimester use but they may be considered when AL is not available given the poorer outcomes of quinine treatment.""","**Question:** Are ACTs safe to use in the first trimester of pregnancy?

### 1. Untitled

Guidelines for the treatment of malaria  3 R D E D I T I O N

Because organogenesis occurs mainly in the first trimester, this is the time of greatest

concern for potential teratogenicity, although development of the nervous system

continues throughout pregnancy. The antimalarial medicines considered safe in the

first trimester of pregnancy are quinine, chloroquine, clindamycin and proguanil.

The safest treatment regimen for pregnant women in the first trimester with

uncomplicated falciparu...

📄 **Reference:** Page 53

### 2. Are artemisinin-derivatives safe in the first trimester of pregnancy?

### Are artemisinin-derivatives safe in the first trimester of pregnancy?

A4.5 Are artemisinin-derivatives safe in the first trimester of pregnancy?...

📄 **Reference:** Page 164

### 3. Untitled

McGready R, Lee SJ, Wiladphaingern J, et al. Adverse effects of falciparum and vivax

malaria and the safety of antimalarial treatment in early pregnancy: a population-based

study. Lancet Infect Dis. 2012;12:388-96.

Mosha D, Mazuguni F, Mrema S, et al. Safety of artemether-lumefantrine exposure in first

trimester of pregnancy: an observational cohort. Malar J. 2014; 13: 197e.

Previous data indicated that the antimalarial medicines considered safe in the

first trimester of pregnancy are qui...

📄 **Reference:** Page 164

### 4. Other considerations

### Other considerations

Other considerations

The limited data available on the safety of artemisinin-derivatives in early

pregnancy allow for some reassurance in counselling women accidentally

exposed to an artemisinin-derivative early in the first trimester. There is no

need for them to have their pregnancy interrupted because of this exposure.

In the absence of adequate safety data on the artemisinin-derivatives in the

first trimester of pregnancy the Guideline Development Group was un...

📄 **Reference:** Page 52

### 5. A4.5

### A4.5

A4.5

Are artemisinin-derivatives safe in the first trimester

of pregnancy?...

📄 **Reference:** Page 148


---

Triage Level: GREEN (evidence retrieval summary — not a substitute for bedside assessment; follow local protocols)

Immediate Actions: Review the guideline excerpts above; align actions with national/WHO guidance and qualified supervision.

Next Steps / Monitoring: Consult the full source guideline or a clinician for patient-specific decisions.

When to Refer: Per excerpts and national guidance; seek urgent care if danger signs, severe disease, or instability is suspected.

Citations: Page 52, Page 53, Page 148, Page 164

---
**🧪 Guardrail Brain Validation:** ✅ Passed

======================================================================","No — critically, the retrieved content reflects the previous guideline position (quinine preferred, ACTs not routinely recommended in first trimester) rather than the updated strong recommendation for AL. Page 53 explicitly lists quinine as safe while not mentioning AL, and Page 52 states the GDG was ""unable to make a recommendation"" on artemisinin derivatives — both statements that have since been superseded. The updated AL recommendation, the AS+SP and ASPY contraindications, and the conditional use guidance for other ACTs are all absent.",Yes — GREEN is appropriate for a pharmacological safety query with no acute presentation implied.,"No — retrieved content is genuine guideline text. However this case represents a new failure mode: the content is accurate to an older edition of the guidelines but contradicts the current recommendation. This is not hallucination but version staleness, which carries equivalent clinical risk.","Yes — high. This is the most clinically dangerous retrieval failure in the evaluation set from a treatment harm perspective. A provider reading chunk 1 (Page 53) would conclude quinine is the safe first-trimester option and avoid AL — the opposite of the current WHO recommendation. Quinine has a narrower therapeutic index, requires multiple daily doses with poor adherence, and has worse efficacy than AL in this setting. A pregnant woman in the first trimester receiving quinine instead of AL based on this response receives inferior treatment. The outdated ""unable to make a recommendation"" statement on Page 52 compounds this by creating false uncertainty about a question that now has a strong recommendation answer.","The updated strong recommendation for AL in first trimester, the evidence base (1000+ pregnancies), AL superiority over quinine in this setting, AS+SP contraindication (antifolate teratogenicity), ASPY contraindication (no first-trimester safety data), conditional use guidance for AS+AQ/ASMQ/DHAP when AL unavailable, and explicit statement that the quinine-first recommendation has been superseded.","This case introduces a sixth and most dangerous failure mode: version conflict, where chunks from an older guideline section contradict the current recommendation retrieved in other chunks. The 2025 WHO guidelines update changed the first-trimester recommendation from quinine to AL — a clinically significant policy reversal — but the index appears to contain both the old recommendation text (Pages 52–53) and the new evidence base (Page 164) without version disambiguation. The retrieval system has no mechanism to surface the more recent recommendation over the superseded one, and the scoring appears to favour the older prose-heavy sections over the newer evidence summary. This is structurally unfixable through chunking or deduplication alone and requires either (1) removal of superseded guideline sections from the index with version tagging, or (2) a post-retrieval recency ranking layer that deprioritises content known to have been superseded. Updated final pattern summary across 16 cases: (1) dosing tables under-retrieved — 3; (2) emergency action chunks missed — 2; (3) action/decision content missed — 3; (4) severity misclassification — 1; (5) duplicate indexing — 2; (6) topic drift — 2; (7) knowledge base scope gap — 1; (8) chunk truncation — 1; (9) version conflict returning superseded guidance — 1 confirmed, likely present in earlier cases undetected; (10) synthesis failure — 16/16 universal; (11) guardrail false positive — 13/16; true pass — 3/16. Version conflict should be elevated to the highest priority fix given direct patient harm potential — a provider acting on superseded first-trimester guidance could cause measurable clinical harm."
Q16,uganda,dosing,What is the amoxicillin dose for pneumonia in a child weighing 10 kg?,359–360 (Section 5.2.9.2),Amoxicillin dispersible tablets 40 mg/kg every 12 hours for 5 days. For a 10 kg child (likely 1–3 years): 500 mg (2 tabs of 250 mg DT) every 12 hours for 5 days,"Looking that up for you...

────────────────────────────────────────────────────────────
🟢  This can be managed at home with the guidance below.
────────────────────────────────────────────────────────────

What to do:
  1. Give oral amoxicillin dispersible tabs (DT) 40 mg/kg
  2. 2-12 months 250 mg (1 tab) every 12 hours for 5 days
  3. 1-3 years 500 mg (2 tabs) every 12 hours for 5
  4. 3-5 years 750 mg (3 tabs) every 12 hours for 5
  5. Refer to hospital after 1st dose of antibiotic
  6. Give Oxygen if SpO2 < 90% with nasal prongs and monitor through pulse oximetry

Watch for:
  • Amoxicillin 500 mg-1 g every 8 hours for 5 days
  • Children: 40 mg/kg every 12 hours for 5 days.
  • Preferably use dispersible tablets in younger children
  • Doxycycline 100 mg every 12 hours for 7-10 days
  • Child > 8 years only: 2 mg/kg per dose

When to refer:
  • hospital after 1st dose of antibiotic  Admit  Give Oxygen if SpO2 < 90% with nasal prongs and monitor through pulse oximetry  Give ampicillin 50 mg/kg IV every 6 hours or  benzyl penicillin 50,000 IU/kg IM or IV  Plus gentamicin 7
  • hospital after 1st dose of antibiotic  Admit HC4  Give Oxygen if SpO2 < 90% with nasal prongs and monitor through pulse oximetry  Give ampicillin 50 mg/kg IV every 6 hours or  benzyl penicillin 50,000 IU/kg IM or IV  Plus gentamicin 7

What to tell the family:
  Follow the advice given. Return to the health facility if symptoms worsen or any danger signs develop.

Exact dosing (do not change these numbers):

  ### Child: 10 mg/kg per dose
  
  - Or erythromycin 500 mg every 6 hours
  
  Child: 10 mg/kg per dose
  
  HC2
  
  86

  ### Child <12 yrs: 10 mg/kg single dose
  
  Child <12 yrs: 10 mg/kg single dose

From the guidelines:
  • Page 428 — Moderate pneumonia (ambulatory patients)
  • Page 426 — Non-severe pneumonia
  • Page 429 — Severe pneumonia (hospitalised patients)",No,"No — response marked 🟢 ""manage at home"" but included severe pneumonia hospital referral steps, creating contradictory triage guidance","No — no invented content, but severe mis-attribution: erythromycin's 10 mg/kg dose was labeled as the amoxicillin dose","Yes — ""Exact dosing"" section shows 10 mg/kg (erythromycin dose), not the correct 40 mg/kg amoxicillin dose; severe and non-severe management conflated under home-care banner",Yes — no calculation shown for the 10 kg weight; no clear distinction made between non-severe (home) and severe (refer) pathways,"Response pulled text from at least 3 separate guideline sections (5.2.9.2, 5.2.9.3, and an unrelated erythromycin entry). Core dose (40 mg/kg) appeared correctly in one part of the response but was contradicted by the ""exact dosing"" block. Not safe to use clinically as presented."
Q17,uganda,dosing,How should ORS and zinc be given to a child with acute diarrhoea?,"9–10 (Plan A/B/C, Section 1.1.3), 402–403 (Section 6.1.5 Diarrhoea)","ORS: Plan A — 50–100 ml after each stool (<2 yrs), 100–200 ml (2–5 yrs); Plan B — 75 ml/kg over 4 hours or weight-based table; Plan C — 20 ml/kg/hour for 6 hours via NGT. Zinc: <6 months = 10 mg/day for 10 days; >6 months = 20 mg/day for 10–14 days","Fragmented, incomplete output: truncated bullet points (""Giving frequent"", ""Advise the mother""), no ORS volumes given, no zinc doses clearly stated, no Plan A/B/C structure, page references pointing to pages 897/930/921 which do not match the relevant guideline sections : ────────────────────────────────────────────────────────────
🟢  This can be managed at home with the guidance below.
────────────────────────────────────────────────────────────

What to do:
  1. Giving frequent
  2. Advise the mother
  3. FOLLOW UP in 5 days
  4. per day, praise
  5. If not better (> 3 loose stools per
  6. Educate mother on hygiene and sanitation

Watch for:
  • The current recommendation for treatment of diarrhoea is
  • Give zinc for 10 days: Child < 6 months: 10 mg per day;
  • Give fluid according to Plan A or B, depending on the state of dehydration of the child
  • Giving extra fluid can be lifesaving
  • In addition to the usual fluid intake, give ORS after each loose stool or episode of vomiting Child <2

When to refer:
  • hospital with mother - Giving frequent sips of ORS on the way - Advise the mother to continue breastfeeding f Advise mother when to return immediately  FOLLOW UP in 5 days - If better (diarrhoea stopped, less than 3 loose stools - per day, praise mother and advise her on fee

What to tell the family:
  Follow the advice given. Return to the health facility if symptoms worsen or any danger signs develop.

From the guidelines:
  • Page 897 — Note:
  • Page 930 — ORS
  • Page 921 — For a child with diarrhoea",No,"Partially — 🟢 home management is appropriate for non-severe diarrhoea, but the response fails to indicate when Plan B or C (facility-based treatment) is needed, making triage incomplete and potentially unsafe","Yes — page references (897, 930, 921) do not correspond to the ORS/zinc diarrhoea content in the guidelines; these appear to be fabricated or misattributed citations",Yes — no ORS volumes provided at all; a caregiver following this response would not know how much ORS to give; zinc dosing only partially visible and cut off; no guidance on when to escalate to Plan B or C,"Yes — missing: all ORS volumes by age and weight, full Plan A/B/C framework, complete zinc doses and duration, the 4 rules of home treatment, reassessment instructions, and when to refer for IV fluids","Response appears to be pulling garbled text chunks from an IMCI or community health worker section rather than the core diarrhoea treatment section (6.1.5) or the rehydration plans (1.1.3). ""What to do"" steps are sentence fragments, not actionable instructions. The only partially correct element is the zinc mention in ""Watch for"" but it is cut off before the >6 months dose is given. Overall response is clinically unusable."
Q18,uganda,dosing,What is the first-line anti-TB treatment regimen and dosing for adults?,"375–378 (Section 5.3.2, Management of TB)","""Standard regimen: 2RHZE / 4RH (intensive phase 2 months RHZE, continuation phase 4 months RH). TB meningitis/bone TB: 2RHZE / 10RH. Alternative regimen for adults >12 yrs, >40 kg, HIV+ CD4 >100: 2HPMZ / 2HPM. Adult doses: Isoniazid 5 mg/kg (max 300 mg), Rifampicin 10 mg/kg (max 600 mg), Pyrazinamide 30–40 mg/kg (max 2500 mg), Ethambutol 15 mg/kg, Moxifloxacin 10–15 mg/kg. Pyridoxine 25 mg/day throughout. All given as FDC under DOT.""
**First-line Anti-TB Treatment for Adults**

**Standard regimen (all forms of TB except meningitis and bone TB):**
- **2RHZE / 4RH**
- Intensive phase: **2 months** of Rifampicin (R) + Isoniazid (H) + Pyrazinamide (Z) + Ethambutol (E)
- Continuation phase: **4 months** of Rifampicin (R) + Isoniazid (H)

**For TB meningitis and osteoarticular (bone) TB:**
- **2RHZE / 10RH** (continuation phase extended to 10 months)

**Alternative shorter regimen** (adults >12 years, weight >40 kg, if HIV-positive CD4 >100 cells/L):
- **2HPMZ / 2HPM**

---

**Adult drug doses (all oral, fixed dose combinations):**

| Drug | Adult Dose |
|---|---|
| Isoniazid (H) | 5 mg/kg (max 300 mg) |
| Rifampicin (R) | 10 mg/kg (max 600 mg) |
| Pyrazinamide (Z) | 30–40 mg/kg (max 2500 mg) |
| Ethambutol (E) | 15 mg/kg |
| Moxifloxacin (M) | 10–15 mg/kg |

---

**Adjunctive treatment:**
- **Vitamin B6 (pyridoxine) 25 mg/day** throughout therapy — given alongside isoniazid to prevent peripheral neuropathy

---

**Key principles:**
- All medicines given as **fixed dose combinations (FDC)**
- Treatment taken under **direct observation (DOT)** by a treatment supporter
- Regimen choice is based on **rifampicin sensitivity**, not treatment history
- Patients with rifampicin resistance → refer to designated **MDR-TB treatment centre**","""What to do"" steps describe TB Preventive Therapy (TPT) screening criteria — entirely the wrong section. ""Watch for"" lists structural formatting notes from the guidelines, not clinical watch points. ""Exact dosing"" pastes prose from the regimen description but omits all actual drug names, doses, and durations. No doses whatsoever provided. Looking that up for you...

────────────────────────────────────────────────────────────
🟢  This can be managed at home with the guidance below.
────────────────────────────────────────────────────────────

What to do:
  1. Persons living with HIV
  2. Child & adult contacts of pulmonary TB patients
  3. Exclude active TB
  4. Assess for cough, fever, weight loss and nights
  5. If any of the TB symptoms are present, do
  6. evaluation for TB
  7. If none is present, TB is unlikely, then rule out
  8. Give TPT as per dosing chart below.

Watch for:
  • For patients without rifampicin resistance to Gene Xpert MTB/Rif (both new and re-treatment cases).
  • Treatment is divided into two phases: an initial (intensive)
  • Letters represent abbreviated drug names
  • Numbers show the duration in months
  • shows the division between treatment phases

When to refer:
  • Return to health facility if symptoms worsen or do not improve
  • Refer if any danger signs appear

What to tell the family:
  Follow the advice given. Return to the health facility if symptoms worsen or any danger signs develop.

Exact dosing (do not change these numbers):

  ### 3.1.5 Recommended First Line Regimens in Adults, Adolescents,
  
  3.1.5 Recommended First Line Regimens in Adults, Adolescents,

  ### Susceptible TB: 1st line treatment regimens
  
  Susceptible TB: 1st line treatment regimens
  
  For patients without rifampicin resistance to  Gene Xpert MTB/Rif (both
  
  new and re-treatment cases). New cases not belonging to priority (risk) groups and in which diagnosis
  
  was done by sputum examination will also be treated with this regimen.

From the guidelines:
  • Page 272 — 3.1.5 Recommended First Line Regimens in Adults, Adolescents,
  • Page 443 — Susceptible TB: 1st line treatment regimens
  • Page 441 — General principles

⚠️  Safety check flagged this response. Review carefully before acting.
────────────────────────────────────────────────────────────
",No,"No — TB is never a 🟢 home-management condition without qualification. Active TB requires facility-based DOT and monitoring; the green ""manage at home"" banner is inappropriate and potentially dangerous for this disease","Yes — page references (272, 443, 441) do not match the TB treatment content in this guideline (correct pages are 375–378). Section ""3.1.5 Recommended First Line Regimens in Adults, Adolescents"" does not exist in the Uganda Clinical Guidelines 2023; this appears to be a reference imported from a different document entirely","Yes — multiple concerns: (1) no drug doses given at all; (2) TB Preventive Therapy (TPT) screening steps presented as treatment instructions, which could cause a clinician to withhold active TB treatment; (3) rifampicin resistance flag and MDR-TB referral pathway completely absent; (4) home management framing inappropriate for TB","Yes — missing: all drug names and doses, both treatment phases and durations, the 2RHZE/4RH regimen, TB meningitis/bone TB extended regimen, alternative 4-month regimen, pyridoxine adjunct, FDC and DOT principles, MDR-TB referral guidance, and sputum monitoring instructions","Response pulled content from the TB Preventive Treatment section (5.3.2.3) instead of the TB Management section (5.3.2). The ""Exact dosing"" block contains only surrounding prose with zero actual dosing information. The safety flag was correctly triggered but the response still failed to provide any usable clinical content. This is one of the most clinically dangerous response types — wrong section, wrong population (prevention vs treatment), no doses, misleading triage."
Q19,uganda,dosing,What is the paracetamol dose for fever in children by weight?,"23 (Section 1.1.5, fever/febrile convulsions) and multiple other sections including 175 (severe malaria hyperpyrexia) and various dental/surgical pain sections","""Primary dose cited for fever/febrile convulsions (Section 1.1.5, page 23):

15 mg/kg every 6 hours until fever subsides
Also: tepid sponging alongside paracetamol

Dose cited in severe malaria hyperpyrexia (Section 2.5.3.3):

10 mg/kg every 6 hours + tepid sponging + fanning

Dose cited in pain/other contexts:

10–15 mg/kg every 6–8 hours (used in several sections including dental, surgical pain)""

","────────────────────────────────────────────────────────────
🟢  This can be managed at home with the guidance below.
────────────────────────────────────────────────────────────

What to do:
  1. Or chloramphenicol 500 mg orally or IV every 6 hours
  2. Establish the cause and treat accordingly
  3. Give oral (ORS) or IV fluids (Normal saline) for rehydration as required
  4. For pain, give paracetamol 1 g every 4-6 hours
  5. Ciprofloxacin 500 mg every 12 hours
  6. Child: 10 mg/kg per dose
  7. Chloramphenicol 500 mg orally or IV every 6 hours

Watch for:
  • Paracetamol 1 g every 8 hours

What to tell the family:
  Follow the advice given. Return to the health facility if symptoms worsen or any danger signs develop.

Exact dosing (do not change these numbers):

  ### Child: 0.1 mg/kg per dose
  
  Child: 0.1 mg/kg per dose
  
  
  
  Paracetamol 1 g every 8 hours

  ### Child: 10-15 mg/kg per dose
  
  Child: 10-15 mg/kg per dose

From the guidelines:
  • Page 63 — Prescribing in children and the elderly
  • Page 188 — Child: 0.1 mg/kg per dose
  • Page 192 — Child: 10-15 mg/kg per dose

────────────────────────────────────────────────────────────","No — the response fails to answer the question. It does not present paracetamol dosing for fever or febrile convulsions in a coherent, usable way. The correct primary answer (15 mg/kg every 6 hours for fever/febrile convulsions) is entirely absent. The 10–15 mg/kg dose fragment appears in the ""Exact dosing"" section but without any clinical context, route, frequency, indication, or the distinction between fever and pain contexts","No — 🟢 ""manage at home"" is not appropriate as a triage label for a drug dosing reference question. The question has no triage dimension; applying a home management label is meaningless and could be misleading if the underlying condition (e.g. febrile convulsions) requires facility assessment","Yes — multiple hallucinated and misattributed items: items 1, 3, 5, and 7 (chloramphenicol, ORS/IV fluids, ciprofloxacin) are from fever management or infectious disease sections and have no relevance to paracetamol dosing; item 2 (""Establish the cause and treat accordingly"") is a generic clinical instruction unrelated to paracetamol dosing; ""Child: 0.1 mg/kg per dose"" in the ""Exact dosing"" section is a dosing fragment from a completely different drug (likely diazepam or a sedative) that has been incorrectly labelled as paracetamol dosing — this is a critical error as 0.1 mg/kg is not a paracetamol dose and applying it would result in massive underdosing; the ""Exact dosing"" section header itself (""do not change these numbers"") is an unusual fabricated instruction not present in the guidelines","Yes — critical safety concern. The inclusion of ""Child: 0.1 mg/kg per dose"" as a paracetamol dose is dangerous. Paracetamol's therapeutic paediatric dose is 10–15 mg/kg; 0.1 mg/kg is 100–150 times lower and would be completely ineffective for fever or pain. A health worker applying this dose would fail to treat fever, potentially leading to prolonged febrile convulsions in a child. The absence of the correct 15 mg/kg every 6 hours dose for febrile convulsions specifically compounds this risk","Yes — entirely missing: the primary dose for fever/febrile convulsions (15 mg/kg every 6 hours until fever subsides), the instruction to combine with tepid sponging, the severe malaria hyperpyrexia dose (10 mg/kg every 6 hours + tepid sponging + fanning), the general pain dose range (10–15 mg/kg every 6–8 hours), the adult dose (1 g every 4–6 hours, not every 8 hours as cited in ""Watch for""), and the distinction between different clinical contexts for dosing","Page citations are incorrect — page 63 is a prescribing principles section, and pages 188 and 192 correspond to the HIV/ARV chapter, not paracetamol dosing sections. The ""0.1 mg/kg per dose"" fragment at page 188 is almost certainly a diazepam IV dose from the febrile convulsions or seizure management section that has been incorrectly attributed to paracetamol. The adult dose cited in ""Watch for"" (1 g every 8 hours) conflicts with the guidelines which state every 4–6 hours for pain. The response structure itself is unusually formatted with a standalone ""Exact dosing"" section using markdown headers, suggesting a prompt injection or formatting artefact rather than normal response generation. This response represents one of the most dangerous outputs evaluated, combining a fabricated underdose (0.1 mg/kg) with absence of the correct fever/convulsion dose."
Q20,uganda,danger_signs,What are the danger signs for severe pneumonia in children?,359,"Severe pneumonia is defined as pneumonia with the features of non-severe pneumonia plus at least one of the following danger signs:

Central cyanosis — blue lips, oral mucosa, or fingernails, or oxygen saturation below 90% on pulse oximetry.
Inability to feed / vomiting everything — the child cannot drink or breastfeed, or vomits all intake.
Convulsions, lethargy, or decreased level of consciousness — any neurological deterioration.
Severe respiratory distress — including severe chest indrawing, grunting, and nasal flaring.
Extrapulmonary features — such as confusion or disorientation. The guidelines note these may be the only signs of pneumonia in malnourished or immunosuppressed children.","────────────────────────────────────────────────────────────
╔══════════════════════════════════════════════════╗
║  🔴  EMERGENCY — GO TO HEALTH FACILITY NOW        ║
╚══════════════════════════════════════════════════╝
────────────────────────────────────────────────────────────

Steps while arranging referral:
  1. Extrapulmonary features, e.g. confusion or disorientation, may predominate and may be the only signs of pneumonia in elderly
  2. Amoxicillin 500 mg-1 g every 8 hours for 5 days
  3. Children: 40 mg/kg every 12 hours for 5 days.
  4. Preferably use dispersible tablets in younger children
  5. Doxycycline 100 mg every 12 hours for 7-10 days
  6. Child > 8 years only: 2 mg/kg per dose
  7. Central cyanosis (blue lips, oral mucosa, finger nails or oxygen saturation < 90% using a pulse oximeter)
  8. As above plus at least one of the following

Watch for:
  • Inability to feed, vomiting everything
  • Convulsions, lethargy, decreased level of consciousness
  • Severe respiratory distress (severe chest indrawing, grunting, nasal flaring)

What to tell the family:
  This is a serious condition. The patient needs to go to the health facility immediately. Do not delay — refer now.

From the guidelines:
  • Page 425 — Severe pneumonia
  • Page 893 — Childhood Illness
  • Page 428 — Note

────────────────────────────────────────────────────────────","Partial — all 5 danger signs are present, but they are scattered and mixed with irrelevant treatment content (Amoxicillin, Doxycycline dosing) that was not asked for",Yes — correctly flags as emergency/urgent referral,"Yes — ""may be the only signs of pneumonia in elderly"" (actual guideline says ""in malnourished or immunosuppressed children""); also items 2–6 (antibiotic dosing) are treatment info, not danger signs, and were not asked for","Yes — the hallucination substituting ""elderly"" for ""children"" is a clinically significant error in a paediatric guideline context; misattributing a paediatric sign to elderly patients could lead to missed diagnosis",No — all 5 danger signs from the guideline are present in the response,"Response mixes danger signs with treatment/management steps, making it harder to parse. Critical hallucination: ""elderly"" instead of ""malnourished or immunosuppressed children."" Page citations (425, 893, 428) are internally inconsistent — the correct printed page is 359. Response format is verbose and structured for a triage tool rather than a clinical question-answering tool."
Q21,uganda,danger_signs,How do you classify dehydration severity in a child with diarrhoea?,8 (Section 1.1.3.1) and 828–829 (Section 17.3.3),8 (Section 1.1.3.1) and 828–829 (Section 17.3.3),"────────────────────────────────────────────────────────────
🟢  This can be managed at home with the guidance below.
────────────────────────────────────────────────────────────

What to do:
  1. Does the infant move on
  2. Does the infant move
  3. Does the infant not move
  4. Is the infant restless and irritable?
  5. Check the eyes. Are they
  6. If child has
  7. If yes, ask for how long it has
  8. Infant’s movements

Watch for:
  • Give fluid according to Plan A or B, depending on the state of dehydration of the child
  • Giving extra fluid can be lifesaving
  • Advise mother on feeding child

When to refer:
  • hospital with mother giving frequent sips of ORS on the way  Advise the mother to continue breastfeeding

What to tell the family:
  Follow the advice given. Return to the health facility if symptoms worsen or any danger signs develop.

From the guidelines:
  • Page 875 — Classify and treat the dehydration and diarrhoea as in the table below
  • Page 921 — For a child with diarrhoea
  • Page 897 — Childhood Illness","No — the response completely fails to provide the classification framework. No severity categories (None/Some/Severe), no clinical signs, no diagnostic criteria, no skin pinch, no fontanel, no eye assessment findings","No — critically wrong. Flags as 🟢 ""manage at home"" for a question about dehydration classification that includes severe dehydration, which requires urgent hospital referral and IV fluids. A child with severe dehydration sent home could die","Yes — items 1–8 in ""What to do"" are garbled, nonsensical fragments (""Does the infant move on"", ""Does the infant move"", ""Does the infant not move"") that do not appear in the guidelines. Page citations (875, 921, 897) do not correspond to the dehydration classification content","Yes — critical safety failure. The green triage flag and ""manage at home"" instruction could cause a clinician or caregiver to keep a severely dehydrated child at home. Severe dehydration is a medical emergency requiring IV rehydration. This response could directly contribute to child mortality","Yes — entirely missing: the three-tier classification (No/Some/Severe dehydration), all five clinical assessment signs (general condition, eyes, fontanel, ability to drink, skin pinch), the diagnostic rule (any 2 signs), and the corresponding treatment plans (A/B/C)","Response is near-total failure. Content appears to be hallucinated fragments possibly drawn from a newborn/infant assessment section rather than the diarrhoea/dehydration section. The triage level is the most dangerous element — classifying all dehydration as home-manageable contradicts the guideline which mandates urgent referral for severe dehydration. Page citations are all incorrect. The ""Watch for"" section gives vague, partial advice but without any clinical grounding from the actual classification table."
Q22,uganda,triage,What are the criteria for referring a patient from Health Centre II to a hospital?,No single page — referral from HC2 is governed by the LOC system embedded throughout the guidelines; the closest anchors are the Introduction (p. XLVI) and Section 17.3.21 (p. 823),"The Uganda Clinical Guidelines 2023 does not contain a standalone, consolidated list of ""criteria for referring a patient from Health Centre II to hospital."" Instead, referral from HC2 is governed by the Level of Care (LOC) system that runs throughout the entire guidelines.
How the LOC system works: Each condition's management table specifies which interventions can be initiated at HC2, and explicitly states when to refer to a higher level. The guidelines state that ""treatment can be initiated at a lower level, but the patient needs to be referred for further management, or for second-line treatment, or for complications.""
The general principle for referral from HC2 is triggered when:

The condition or its management requires resources, investigations, or interventions beyond HC2 capacity (e.g., IV fluids beyond initial stabilisation, surgical care, laboratory investigations not available at HC2)
A patient has any general danger sign (Very Severe Disease): unable to drink or breastfeed, vomiting everything, convulsions, lethargic or unconscious — these always warrant urgent referral
The patient is not responding to first-line treatment initiated at HC2
A complication arises that cannot be managed locally
The LOC column for a given treatment lists HC3, HC4, H, RR, or NR — meaning the next step exceeds HC2 capability

Source: Uganda Clinical Guidelines 2023, Introduction (p. XLVI) and Section 17.3.21 (p. 823)","────────────────────────────────────────────────────────────
🟢  This can be managed at home with the guidance below.
────────────────────────────────────────────────────────────

What to do:
  1. Medicines are presented by their generic name, in bold.
  2. Often, treatment can be initiated at lower level, but the patient needs to be referred for further management, or for second-line treatment, or for complications.
  3. RR to regional referral hospital, and NR to national referral hospital.
  4. Refer all patients to regional referral hospital for management in an appropriate setting
  5. Notify the district health team
  6. Persistent renal failure needing dialysis
  7. Any complication that cannot be managed locally
  8. Severe symptoms – for blood transfusion

Watch for:
  • Refer patient to hospital if any of the following signs
  • If cause cannot be determined locally
  • Spontaneous bleeding
  • Bleeding into muscles or joints, GIT, or CNS
  • Bleeding patients who are on warafrin

When to refer:
  • a higher level of care if the above options are not viable

What to tell the family:
  Follow the advice given. Return to the health facility if symptoms worsen or any danger signs develop.

From the guidelines:
  • Page 642 — Referral criteria
  • Page 243 — Criteria for referral to regional/tertiary hospital
  • Page 694 — Referral criteria
","No — the response fails to explain the LOC system, which is the actual mechanism governing HC2 referrals. The items listed (renal failure needing dialysis, bleeding disorders, warfarin patients) are referral criteria for specific specialist conditions, not general HC2-to-hospital referral criteria","No — critically wrong. A question about referral criteria from HC2 should never be triaged as 🟢 ""manage at home."" The question is about when to escalate care, and the green flag directly contradicts the subject matter of the question","Yes — item 4 (""Refer all patients to regional referral hospital for management in an appropriate setting"") does not exist in the guidelines and is a fabricated generalisation. The response also stitches together fragments from completely unrelated sections (bleeding disorders, malaria complications, medicines introduction) and presents them as a coherent answer to a different question","Yes — the 🟢 ""manage at home"" triage on a question about referral criteria is dangerous in context. A health worker reading this could be misled into thinking HC2 referral is rarely needed or that home management is the default, when the guidelines explicitly mandate urgent referral for general danger signs and any condition exceeding HC2 capacity","Yes — entirely missing: the LOC system explanation, the general danger signs that always trigger referral (unable to drink, convulsions, lethargy, vomiting everything), the principle that any LOC column above HC2 in the guidelines triggers referral, and the note that no single consolidated referral criteria list exists in the document","The response is a grab-bag of unrelated fragments from the guidelines (medicines introduction, malaria referral criteria, bleeding disorder referral criteria) loosely assembled around the word ""referral."" None of the cited page numbers (642, 243, 694) correspond to a general HC2 referral criteria section. The answer does not engage with the LOC system at all, which is the correct framework. This reflects a retrieval failure — the model found pages containing the word ""referral"" but did not understand the structural question being asked."
Q23,uganda,diagnosis,What is the HIV testing algorithm recommended in the Uganda guidelines?,"192–194 (printed page numbers, corresponding to PDF pages 258–260)","I now have a complete, visually verified picture of the full HIV testing algorithm. Here is the answer:

---

The Uganda Clinical Guidelines 2023 recommends **three distinct HIV testing approaches** depending on the patient's age and setting (pp. 192–194):

---

### 1. Serial HIV Testing Algorithm — Persons ≥18 months (p. 192)

This is the **national standard algorithm**, using three rapid antibody tests in sequence:

| Step | Test | Reactive result | Non-Reactive result |
|---|---|---|---|
| **1. Screening** | **DETERMINE** | Proceed to confirmatory test | → Report **HIV Negative** |
| **2. Confirmatory** | **STAT-PAK** | → Report **HIV Positive** | Proceed to tie-breaker |
| **3. Tie-Breaker** | **SD BIOLINE** | → Report **Inconclusive** → Re-test after **14 days** | → Report **HIV Negative** |

- Adults and children >18 months are tested using **serological (antibody) testing**
- Patients who test negative but had a possible exposure in the preceding 3 months should be **re-tested after 3 months** (window period)

---

### 2. HIV/Syphilis Duo Kit Algorithm — MCH Settings (p. 193)

Used for clients who need **both HIV and syphilis testing** (e.g. pregnant women):

- **Screening:** HIV/Syphilis Duo Test
  - Non-reactive for both → encourage partner testing
  - Reactive for syphilis only → treat for syphilis, notify partner
  - Reactive for HIV → proceed to **confirmatory STAT-PAK**
    - Non-reactive → re-test immediately with the National Algorithm
    - Reactive → **Report HIV Positive**, notify partner
- Clients already known HIV positive (TRRK) → test for syphilis only using single syphilis rapid test

---

### 3. HIV Testing in Children <18 months (p. 194)

Antibody tests are **not used** in this age group (risk of false positives from maternal antibodies). The recommended test is **virological — DNA-PCR** on dried blood spots (DBS):

- **Mother HIV negative** → child classified as HIV negative
- **Mother HIV positive** → DNA-PCR at 6 weeks of age; start cotrimoxazole prophylaxis and Nevirapine syrup pending result
  - PCR positive → enrol child for ART
  - PCR negative, never breastfed → child is negative; stop cotrimoxazole and Nevirapine
  - PCR negative but breastfeeding/breastfed in last 6 weeks → re-check PCR **6 weeks after cessation of breastfeeding**
- **Mother's status unknown** → test the mother first
- **Mother unavailable** → perform rapid antibody test on the child as a proxy for mother's status

> DBS samples for virological testing can be collected from **HC2 level** and sent to a central national laboratory via the hub system.

**Source:** Uganda Clinical Guidelines 2023, pp. 192–194 (Section 3.1, Chapter 3: HIV/AIDS and STIs)","────────────────────────────────────────────────────────────
🟢  This can be managed at home with the guidance below.
────────────────────────────────────────────────────────────

What to do:
  1. If a client is ready, ART should be initiated on the same day.
  2. 25/200/50mg
  3. 600/300/50mg
  4. Adoles60/30/5mg
  5. Adolescents and adults >35kg

Watch for:
  • Serial HIV Testing Algorithm for testing persons above 18 months of age in Uganda.
  • Diagnostic testing: test carried out on very sick,
  • Routine testing: for individuals likely to pose a risk of HIV infection
  • Screening for HIV testing eligibility for children, adolescents and adults
  • Index client testing (ICT), including Assisted Partner notification (APN)

When to refer:
  • the algorithm below

What to tell the family:
  Follow the advice given. Return to the health facility if symptoms worsen or any danger signs develop.

From the guidelines:
  • Page 258 — HIV/AIDS and Sexually Transmitted Infections
  • Page 257 — HIV/AIDS and Sexually Transmitted Infections
  • Page 272 — HIV/AIDS and Sexually Transmitted Infections

────────────────────────────────────────────────────────────
","No — the response does not describe the algorithm at all. It mentions the algorithm exists (""Serial HIV Testing Algorithm for testing persons above 18 months"") but provides none of its content: no test names (DETERMINE, STAT-PAK, SD BIOLINE), no sequential steps, no decision logic, no results interpretation, no children <18 months algorithm, no MCH/Duo Kit algorithm","No — a clinical question about a diagnostic algorithm should never be triaged as 🟢 ""manage at home."" This triage label is nonsensical for an informational/procedural question","Yes — items 1–5 in ""What to do"" are ART initiation and dosing fragments (ARV drug combinations in mg) that have no relevance to an HIV testing algorithm question. These appear to have been pulled from the ART section of the same chapter and inserted here without any connection to the question asked","Yes — moderate concern. A health worker asking how to test for HIV and receiving ARV dosing information instead could act on the wrong content. More critically, the complete absence of the three-test serial algorithm (DETERMINE → STAT-PAK → SD BIOLINE) and the children <18 months DNA-PCR guidance could lead to incorrect testing practices, including using antibody tests on infants under 18 months which the guidelines explicitly warn against due to false positive risk","Yes — entirely missing: the three-step serial algorithm and all three test names, reactive/non-reactive decision branches, the 14-day re-test for inconclusive results, the 3-month re-test window period, the HIV/Syphilis Duo Kit algorithm for MCH settings, and the complete children <18 months DNA-PCR protocol","Page citations (258, 257, 272) are partially correct — PDF pages 258–260 do contain the algorithm — but the response failed to extract any content from those pages. The ""When to refer"" section (""the algorithm below"") is a garbled fragment suggesting the model retrieved a reference to the algorithm diagram but could not parse its visual/flowchart content. This is a likely failure to process the diagram images on those pages. The ART dosing content in items 1–5 suggests retrieval from nearby pages in the same chapter rather than the specific algorithm pages."
Q24,uganda,diagnosis,What are the diagnostic criteria for pulmonary tuberculosis?,366–371 (printed page numbers); PDF pages 432–437,"### Clinical Features Suggestive of Pulmonary TB

**General symptoms (all TB):**
- Fevers, especially in the evening
- Excessive night sweats
- Weight loss and loss of appetite

**Pulmonary-specific symptoms:**
- Chronic cough of **>2 weeks** (in HIV-positive patients, cough of **any duration** qualifies)
- Chest pain
- Purulent sputum, occasionally blood-stained
- Shortness of breath

---

### Case Definitions

| Category | Criteria |
|---|---|
| **Presumptive TB patient** | Any patient with symptoms/signs suggestive of TB, or chest X-ray findings suggestive of active TB disease |
| **Bacteriologically confirmed TB** | Biological specimen positive by sputum smear microscopy, culture, or a WHO Recommended Diagnostic (mWRD) test such as **GeneXpert/Xpert MTB-RIF**, TrueNat, or TB LAMP |
| **Clinically diagnosed TB** | Does not meet bacteriological confirmation criteria but diagnosed by a clinician based on clinical signs, symptoms, and supporting investigations |

**Pulmonary TB specifically** is defined as a bacteriologically confirmed or clinically diagnosed case affecting the **lung parenchyma or tracheobronchial tree.** If a patient has both pulmonary and extrapulmonary involvement, they are classified as **pulmonary TB.**

---

### Recommended Investigations

**First-line test:**
- **Xpert MTB/RIF (GeneXpert)** — the recommended diagnostic test; automated DNA test on sputum or other body samples that diagnoses pulmonary TB and determines Rifampicin susceptibility; superior to microscopy

**Where GeneXpert is unavailable:**
- Sputum smear microscopy for AAFBs (ZN stain), while sending sample for GeneXpert

**Additional/supporting investigations:**
- Chest X-ray, abdominal ultrasound, biopsies — for smear/GeneXpert-negative patients or extrapulmonary TB
- Tuberculin skin test (TST) — supportive test to guide treatment decisions in children
- Sputum culture and drug susceptibility testing — confirmatory test; indicated for Rifampicin resistance on GeneXpert, patients remaining sputum-positive at 2 months, or suspected treatment failure

> **Note:** All presumed and diagnosed TB patients should be offered an HIV test.

**Source:** Uganda Clinical Guidelines 2023, Section 5.3.1, pp. 366–371","────────────────────────────────────────────────────────────
🟢  This can be managed at home with the guidance below.
────────────────────────────────────────────────────────────

What to do:
  1. A chronic infection caused by Mycobacterium tuberculosis complex.
  2. Xpert MTB/RIF is the recommended diagnostic test for TB diagnosis
  3. Obtain sputum sample or other relevant samples from presumptive
  4. Persons living with HIV
  5. Child & adult contacts of pulmonary TB patients
  6. Exclude active TB
  7. Assess for cough, fever, weight loss and nights
  8. If any of the TB symptoms are present, do

When to refer:
  • Return to health facility if symptoms worsen or do not improve
  • Refer if any danger signs appear

What to tell the family:
  Follow the advice given. Return to the health facility if symptoms worsen or any danger signs develop.

From the guidelines:
  • Page 451 — 5.3.2.3	 Tuberculosis Preventive Treatment
  • Page 432 — 5.3.1Definition, Clinical Features and Diagnosis of TB
  • Page 435 — Pulmonary TB:

────────────────────────────────────────────────────────────

","Partial — the response correctly identifies GeneXpert/Xpert MTB-RIF as the recommended diagnostic test and mentions obtaining sputum samples from presumptive TB patients. However, it is largely incomplete: no case definitions, no clinical features table, no distinction between bacteriologically confirmed vs. clinically diagnosed TB, no smear microscopy as fallback, no X-ray, no culture/DST, and no HIV testing note","No — 🟢 ""manage at home"" is completely wrong for a question about TB diagnostic criteria. TB is a notifiable, infectious disease requiring facility-level investigation and management. The triage label is nonsensical for an informational/clinical criteria question in any case","Partial — items 4–8 (""Persons living with HIV"", ""Child & adult contacts of pulmonary TB patients"", ""Exclude active TB"", ""Assess for cough, fever, weight loss and nights"", ""If any of the TB symptoms are present, do"") are fragments from the TB Preventive Treatment section (Section 5.3.2.3, p. 385), not from the diagnostic criteria section. They have been incorrectly pulled in and presented as diagnostic steps. Item 7 is also truncated mid-sentence (""nights"" instead of ""night sweats"")","Moderate — the response conflates TB preventive treatment screening criteria with TB diagnostic criteria. A health worker could mistake the TB contact screening checklist for a complete diagnostic workup, potentially missing the requirement for sputum collection, GeneXpert testing, or clinical case definition thresholds. The absence of the ""cough >2 weeks"" threshold and the bacteriological confirmation pathway is a meaningful clinical gap","Yes — missing: the three case definitions (Presumptive, Bacteriologically Confirmed, Clinically Diagnosed), pulmonary TB site definition, general symptoms (night sweats, weight loss, evening fevers), pulmonary-specific symptoms (chest pain, haemoptysis, shortness of breath), smear microscopy as fallback where GeneXpert unavailable, supporting investigations (CXR, TST, culture/DST), indications for culture/DST, and the mandatory HIV test for all TB patients","Page citations are partially correct — PDF page 432 does correspond to the start of Section 5.3.1 and page 435 to the pulmonary TB classification, both of which are the right sources. However, content from page 451 (TB Preventive Treatment) has been incorrectly injected into the answer. The response appears to have retrieved the right pages but extracted incomplete and mixed content. Truncated item 7 (""nights"") suggests a text parsing or chunking error in retrieval."
Q25,uganda,treatment,How should pre-eclampsia or eclampsia be managed in a pregnant woman?,726–733 (printed page numbers); PDF pages 792–799,"## Pre-Eclampsia (Section 16.3.7, p. 726)

### Classification

| Type | Criteria |
|---|---|
| **Mild to moderate** | Diastolic BP 90–109 mmHg and/or systolic BP 140–159 mmHg, with ≥1+ proteinuria; no organ dysfunction |
| **Severe** | Acute severe hypertension (≥160/110 mmHg) and ≥1+ proteinuria **OR** any hypertension with organ dysfunction (renal dysfunction, raised liver enzymes, thrombocytopaenia) |

**Clinical features of severe pre-eclampsia:** headache, blurring of vision, epigastric/right upper quadrant pain, vomiting, oedema, excessive weight gain, systolic BP >160/diastolic >110 mmHg, proteinuria ++, oliguria, dyspnoea, malaise.

### Investigations
Urine for protein; blood for LFT, RFT, serum creatinine, clotting time (if platelets <100×10⁹), fibrinogen levels; ultrasound for foetal EGA and viability.

### Management
> Any case of pre-eclampsia must be **referred to hospital**. Lower facilities give emergency care (MgSO₄, antihypertensives) while arranging referral.

**Goals:** prevent convulsions, control BP, deliver baby if indicated.

**General measures (HC4):** bed rest (preferably in hospital), lifestyle/diet adjustment, monitor BP, urine output, renal/liver function, platelets, foetal condition; careful slow IV fluids if hypovolaemic; consider delivery if maternal risks outweigh prematurity risks.

**Mild to moderate — antihypertensives:**
- Methyldopa 250 mg every 8 hours orally, increase to 500 mg 6-hourly as needed (max 2 g/day) **AND/OR**
- Nifedipine 20–40 mg every 12 hours

**Severe pre-eclampsia — to prevent convulsions (HC3):**
- IV fluids (Normal saline) very slowly — 1 L in 6–8 hours maximum
- **Magnesium sulphate loading dose:** 4 g IV (draw 8 mL of 50% MgSO₄ + 12 mL water/NS → give as slow IV bolus over 20 minutes — the **20-20-20 rule**)
- Then 5 g MgSO₄ (10 mL of 50% solution) deep IM into **each buttock** (total 10 g) with 1 mL of 2% lignocaine in same syringe
- If IV loading dose not possible: give only the 10 g deep IM

**Antihypertensives if BP >95 mmHg diastolic or >160 mmHg systolic (HC3/HC4):**
- Hydralazine 5 mg IV bolus every 30 minutes until diastolic <100 mmHg
- Alternative: Nifedipine 20–40 mg orally every 12 hours until delivery, **or** Labetalol 20 mg IV over 2 minutes, doubling dose every 30 minutes (max 160 mg/hour)
- Maintain Nifedipine 20 mg 12-hourly until delivery; monitor BP every 15 minutes until stable

**Indications for urgent delivery (severe pre-eclampsia):** non-reassuring foetal heart, ruptured membranes, uncontrolled BP, oligohydramnios, IUGR, oliguria <500 mL/24 hours, pulmonary oedema, persistent severe headache.

**Post-delivery:** monitor BP every 15 minutes for 2 hours, continue monitoring vitals for ≥48 hours, maintain diastolic BP <90 mmHg, discharge when BP stable and no proteinuria.

> **Do not use:** ergot-containing medicines, diuretics, or ACE inhibitors.

---

## Eclampsia (Section 16.3.8, p. 730)

Eclampsia is a **medical emergency** — refer to hospital urgently after first aid measures.

**Goals:** control/prevent convulsions, control BP, deliver baby as soon as possible.

### First Aid (HC2)
- Place patient on her **left side** to protect airway
- Place padded tongue blade between teeth (not during a convulsion)
- Do not restrain patient while fitting
- Refer to hospital immediately

### Stop and Control Convulsions (HC3)
- **MgSO₄ loading dose:** same as severe pre-eclampsia (4 g IV over 20 minutes + 10 g deep IM with lignocaine)
- IV fluids (Normal saline) very slowly — 1 L in 6–8 hours max
- Monitor BP, pulse, respiration every 30 minutes; insert Foley's catheter

**Maintenance dose** (continue only if: urine output >100 mL in 4 hours, respiratory rate >16/min, patellar reflexes present):
- MgSO₄ 5 g IM every 4 hours in alternate buttocks for 24 hours from loading dose (or after last convulsion, whichever is first), with 1 mL lignocaine 2%

**If further convulsions:** repeat ½ loading dose (2 g of 20% MgSO₄ IV slowly).

**If MgSO₄ not available:** Diazepam 10 mg slow IV over 2 minutes (repeat once if recurs), then Diazepam 40 mg in 500 mL Normal saline IV infusion (keep patient sedated but rousable).

**MgSO₄ toxicity signs:** respiratory depression (<16 breaths/min), urine output <30 mL/hour, depressed patellar reflexes.
**Antidote:** Calcium gluconate 1 g (10 mL of 10%) slow IV (max 5 mL/min), repeat PRN until respiratory rate returns to >16/min.

### Control Blood Pressure (if BP >110 mmHg diastolic or >170 mmHg systolic)
- Hydralazine 5 mg IV bolus every 30 minutes until diastolic <100 mmHg
- Alternative: Nifedipine 20 mg orally every 12 hours **or** Labetalol 20 mg IV (doubling doses, max 160 mg/hour)
- Maintenance: Nifedipine retard 20 mg 12-hourly until delivery

### Deliver the Baby
By the safest and fastest means available **within 6–12 hours**: augment labour if approaching second stage, vacuum extraction if in second stage, or emergency caesarean section if available.

### Post-Delivery Care
Monitor BP every 15 minutes for 2 hours; continue vitals monitoring for ≥48 hours; maintain diastolic BP <90 mmHg; discharge when BP stable and no proteinuria.

**Source:** Uganda Clinical Guidelines 2023, Sections 16.3.7–16.3.8, pp. 726–733","────────────────────────────────────────────────────────────
╔══════════════════════════════════════════════════╗
║  🔴  EMERGENCY — GO TO HEALTH FACILITY NOW        ║
╚══════════════════════════════════════════════════╝
────────────────────────────────────────────────────────────

Steps while arranging referral:
  1. It may also be superimposed on chronic hypertension.
  2. Based on BP response
  3. Methyldopa, oral, 250 mg every 8 hours as a starting
  4. Nifedipine 20-40 mg every 12 hours
  5. Give IV fluids (Normal saline) very slowly (1 L in 6-8 hours max)
  6. Give IV loading dose of magnesium sulphate injection
  7. Draw 8 mL of a 50% MgSO4 and add 12 mL
  8. Give the solution as a slow IV bolus over 20

Watch for:
  • Women with severe pre-eclampsia should be delivered
  • Non-reassuring foetal heart
  • Ruptured membranes
  • Uncontrolled BP
  • Oligohydramnious

When to refer:
  • tension  Assess for pre-eclampsia Normal  No additional treatment  Review in one week (section 4
  • hospital If not pre-eclampsia, give/con  tinue appropriate antihyperten sive as in non-pregnant women (section 4
  • further management  If bleeding (If pad soaked in <5 minutes or con stant trickle of blood) and uterus not hard and around: - Treat as PPH (section 16

What to tell the family:
  This is a serious condition. The patient needs to go to the health facility immediately. Do not delay — refer now.

From the guidelines:
  • Page 795 — Deliver baby
  • Page 792 — 16.3.7      Pre-Eclampsia
  • Page 832 — Obstetric Conditions","Partial — the response captures some correct content: the triage level is appropriately urgent (🔴 emergency), some treatment steps are present (Methyldopa, Nifedipine, MgSO₄ loading dose, IV fluids, delivery indications for severe pre-eclampsia). However, the response is severely incomplete and poorly structured, missing the full classification system, eclampsia management, MgSO₄ maintenance protocol, toxicity monitoring, antidote, and post-delivery care",Yes — 🔴 emergency with referral to health facility is appropriate. Pre-eclampsia and eclampsia are obstetric emergencies requiring hospital-level care,"Yes — the ""When to refer"" section contains garbled, truncated fragments that appear to be retrieved from a postnatal/postpartum flowchart (""If bleeding, if pad soaked in <5 minutes… Treat as PPH section 16"") which has no relevance to pre-eclampsia or eclampsia management. These fragments are presented as referral criteria but come from a different clinical context entirely. Items 1–2 in ""Steps"" (""It may also be superimposed on chronic hypertension"" and ""Based on BP response"") are descriptive background sentences, not actionable management steps","Yes — several critical safety gaps: (1) the eclampsia section (16.3.8) is entirely absent — a patient in active seizure would receive no guidance on first aid positioning, airway protection, or MgSO₄ protocol; (2) MgSO₄ toxicity monitoring criteria and antidote (calcium gluconate) are missing — administering MgSO₄ without toxicity monitoring can be fatal; (3) the MgSO₄ steps (items 6–8) are truncated mid-sentence and incomplete, which could lead to incorrect dosing; (4) the instruction not to use ergometrine, diuretics, or ACE inhibitors is absent","Yes — missing: pre-eclampsia classification table (mild vs. severe definitions), full clinical features list, investigations, eclampsia definition and clinical features, first aid steps for eclampsia (left lateral position, airway, no restraint), MgSO₄ IM maintenance dosing protocol, MgSO₄ toxicity signs and monitoring (respiratory rate, urine output, patellar reflexes), calcium gluconate antidote, diazepam as fallback if MgSO₄ unavailable, BP thresholds for antihypertensive initiation in eclampsia, delivery route guidance, complete post-delivery monitoring protocol, and the important prescribing cautions (no ergot, no diuretics, no ACE inhibitors)","Page citations are partially correct — PDF page 792 corresponds to printed page 726 (start of Section 16.3.7) and is the right source. However page 795 (printed 729) cuts off mid-section and page 832 (printed ~766) is from a postnatal flowchart, which explains the PPH fragment appearing in the ""When to refer"" section. The response appears to have retrieved content from the pre-eclampsia section only, missing the eclampsia section entirely despite both being explicitly asked about. The truncated MgSO₄ steps (items 6–8 cut mid-sentence) indicate a text chunking or token limit issue in retrieval."
Q26,uganda,treatment,What is the recommended treatment for neonatal sepsis?,"117 (Section 2.1.7.1, printed) and 794 (Section 17.1.1, printed); PDF pages approximately 183 and 860","## Danger Signs Triggering Treatment for Possible Serious Illness / Neonatal Sepsis (Section 17.1.1, p. 794)

Any of the following signs should prompt classification as **Possible Serious Illness** and immediate treatment:

- Respiratory rate >60 or <30/min, grunting, or gasping
- Severe chest indrawing or cyanosis
- Not feeding well
- Convulsions
- Abdominal overdistension
- Heart rate constantly >180 beats/min
- Floppy or stiff body, or no spontaneous movements
- Temperature >37.5°C or <35.5°C after warming
- Umbilicus draining pus, redness/swelling extending to skin
- Skin pustules >10, or bullae, or skin swelling and hardness
- Bleeding from stump or cut
- Pallor

---

## Treatment (Sections 2.1.7.1 & 17.1.1)

### Supportive Care (Hospital level)
- Keep baby warm; control environment (undress) for high temperature — **avoid paracetamol**
- Prevent hypoglycaemia: breastfeeding if tolerated, NGT or IV glucose
- Ensure hydration and nutrition
- Give oxygen if SpO₂ <90%
- Clean infected umbilicus and pustules and apply Gentian Violet

### First-Line Antibiotic Treatment

**Standard first-line (H):**
- **Ampicillin** 50 mg/kg IV/IM every **12 hours** (section 17.1.1) or every **6 hours** (section 2.1.7.1 for confirmed hospital cases) **plus**
- **Gentamicin** 5 mg/kg every 24 hours (4 mg/kg if preterm)
- Duration: **7–10 days**

**If risk of Staphylococcal infection** (infected umbilicus or multiple/severe skin pustules):
- **Cloxacillin** 50 mg/kg IV/IM every 6 hours **plus**
- **Gentamicin** 5–7 mg/kg every 24 hours

**If no improvement after 48–72 hours**, switch ampicillin to:
- **Ceftriaxone** 100 mg/kg once daily

### Referral
- **Refer baby to hospital** after giving pre-referral dose of antibiotics
- If referral is not possible: continue treatment for 7 days and assess baby daily

---

**Source:** Uganda Clinical Guidelines 2023, Sections 2.1.7.1 (p. 117) and 17.1.1 (p. 794)","────────────────────────────────────────────────────────────
╔══════════════════════════════════════════════════╗
║  🔴  EMERGENCY — GO TO HEALTH FACILITY NOW        ║
╚══════════════════════════════════════════════════╝
────────────────────────────────────────────────────────────

Steps while arranging referral:
  1. Organisms causing neonatal meningitis are similar to those
  2. Protect groups at risk, for example immunosuppressed and post-surgical patients
  3. Follow strictly aseptic surgical procedures
  4. Keep baby warm
  5. Ensure hygienic deliveries, including proper cutting and care of umbilical cords through the use of skilled birth
  6. Immunise all pregnant women/women of child- bearing
  7. Examine the neonate for suspected sepsis before discharge

Watch for:
  • If newborn sepsis is suspected manage as in section
  • Advise the mother on how to recognize danger signs

When to refer:
  • hospital after pre-referral dose of antibiotics

What to tell the family:
  This is a serious condition. The patient needs to go to the health facility immediately. Do not delay — refer now.

From the guidelines:
  • Page 183 — 2.1.7.1 Neonatal Septicaemia
  • Page 183 — Management
  • Page 789 — Newborn

────────────────────────────────────────────────────────────","No — the response provides no treatment whatsoever. The core of the question — what antibiotics to give, at what doses, by what route, for how long — is entirely absent. The only clinically useful element is ""Keep baby warm"" (supportive care) and the referral instruction","Yes — 🔴 emergency with referral to health facility is appropriate for neonatal sepsis, which is a life-threatening condition requiring hospital-level care","Yes — items 2, 3, 5, and 6 are prevention measures, not treatment steps: ""Protect groups at risk"", ""Follow strictly aseptic surgical procedures"", ""Ensure hygienic deliveries"", and ""Immunise all pregnant women"" come from the prevention/infection control section of the guidelines, not the management section. They are presented as ""steps while arranging referral"" which is clinically misleading. Item 1 (""Organisms causing neonatal meningitis are similar to those"") is a truncated background sentence from the meningitis section, not a treatment instruction. Item 7 (""Examine the neonate for suspected sepsis before discharge"") is a prevention/screening recommendation, not an acute management step","Yes — critical safety failure. The complete absence of antibiotic regimens (Ampicillin + Gentamicin as first-line, Cloxacillin + Gentamicin for staphylococcal infection, Ceftriaxone as second-line) means a health worker receiving this response has no guidance on what drugs to give before referral. The pre-referral antibiotic dose is the most time-critical intervention in neonatal sepsis — delay increases mortality. The ""Watch for"" note (""If newborn sepsis is suspected manage as in section"") is a truncated cross-reference that provides no actionable information","Yes — entirely missing: all antibiotic regimens and doses (Ampicillin 50 mg/kg IM every 12 hours + Gentamicin 5 mg/kg every 24 hours), Gentamicin dose adjustment for preterm (4 mg/kg), Cloxacillin regimen for staphylococcal risk, Ceftriaxone switch-over if no improvement at 48–72 hours, treatment duration (7–10 days), full supportive care steps (oxygen if SpO₂ <90%, hypoglycaemia prevention, Gentian Violet for umbilicus/pustules), all danger signs that trigger classification as Possible Serious Illness, and the instruction to continue treatment for 7 days if referral is not possible","Page citation 183 is incorrect — the printed page for Section 2.1.7.1 is 117, not 183. Page 789 (printed) does not correspond to the sick newborn section which is at printed page 793–794. The response appears to have retrieved prevention content from the end of Section 2.1.7.1 rather than the management table, and mixed it with content from other newborn-related sections. The truncated ""Watch for"" cross-reference (""manage as in section"") suggests the model retrieved a pointer to the correct section but failed to follow it and extract the actual treatment content."
Q27,uganda,treatment,What is the stepwise approach to asthma management in adults?,336–338 (printed page numbers); PDF pages 402–404,"### General Principles (p. 336)
- Follow a **stepped approach**; start at the step most appropriate to initial severity
- Before initiating a new drug, confirm diagnosis is correct, check compliance and inhaler technique, and eliminate trigger factors
- **Rescue course:** A 3–5 day course of **prednisolone 40–60 mg daily** (adults) can be given at any step to control acute exacerbations
- **Stepping down:** Review treatment every 3–6 months; if control is achieved, stepwise reduction may be possible (allow 1–3 months or longer of stability before reducing, except after Step 4 where reduction may be sooner)

---

### Step 1 — Intermittent Asthma (HC3)
**Criteria:** Symptoms <once/week; night symptoms <twice/month; normal physical activity

**Treatment:**
- **Salbutamol inhaler** 1–2 puffs (100–200 micrograms) as needed (occasional relief bronchodilator only)
- ⚠️ Move to Step 2 if salbutamol is needed **more than twice a week** or if there are night-time symptoms **at least once a week**

---

### Step 2 — Mild Persistent Asthma (HC3/HC4)
**Criteria:** Symptoms >once/week but <once/day; night symptoms >twice/month; symptoms may affect activity

**Treatment:**
- **Salbutamol inhaler** 1–2 puffs as needed **plus**
- Regular standard-dose **inhaled corticosteroid: Beclomethasone** 100–400 micrograms every 12 hours
  - Assess after 1 month and adjust dose as needed
  - Higher dose may be needed initially to gain control
  - Doubling the regular dose may be useful to cover exacerbations

---

### Step 3 — Moderate Persistent Asthma (HC4)
**Criteria:** Daily symptoms; symptoms affect activity; night symptoms >once/week; daily use of salbutamol

**Treatment:**
- **Salbutamol inhaler** 1–2 puffs as needed, up to 2–3 hourly (usually 4–12 hourly) **plus**
- Regular high-dose **Beclomethasone** 400–1,000 micrograms every 12 hours
- In adults, also consider a **6-week trial of Aminophylline** 200 mg every 12 hours

> Children below 5 years: refer to specialist

---

### Step 4 — Severe Persistent Asthma (RR)
**Criteria:** Daily symptoms; frequent night-time symptoms; daily use of salbutamol

**Treatment:**
- Regular high-dose **Beclomethasone** (as in Step 3) **plus**
- Regular **Prednisolone** 10–20 mg daily (taken after breakfast)
- Refer to specialist clinic, especially children <12 years

---

### Important Notes
- If inhaler not available: **Salbutamol tablets** 4 mg every 8 hours (adults)
- **Do not give:** morphine, propranolol, or other beta-blockers (worsen respiratory problems)
- **Do not give:** sedatives to children with asthma, even if restless
- **Avoid trigger factors:** cigarette smoke, aspirin, known allergens (dust, pollens, animal skin), cold air exposure

**Source:** Uganda Clinical Guidelines 2023, Section 5.1.1.2, pp. 336–338 (PDF pages 402–404)","────────────────────────────────────────────────────────────
🟢  This can be managed at home with the guidance below.
────────────────────────────────────────────────────────────

What to do:
  1. E.g., nebuliser solutions for acute severe asthma are given
  2. over 5-10 minutes, usually driven by oxygen in hospital
  3. Inhalation route is always preferred as it delivers the medicines directly to the airways; the dose required is smaller,
  4. Asthma attack is a substantial worsening of asthma symptoms.
  5. Not all features may be present.
  6. Treat as an out-patient
  7. Reassure patient; place him in a ½ sitting position
  8. Give salbutamol

Watch for:
  • Aminophylline 200 mg every 12 hours
  • Daily symptoms
  • Frequent night time symptoms
  • Daily use of salbutamol

When to refer:
  • specialist clinic especially children <12 years Regular corticosteroid tablets plus  Regular high-dose beclomethasone (as in Step 3)  Plus regular prednisolone 10-20 mg daily after breakfast, THEN LOC is RR

What to tell the family:
  Follow the advice given. Return to the health facility if symptoms worsen or any danger signs develop.

From the guidelines:
  • Page 404 — In adults, also consider 6-week trial with
  • Page 396 — Acute Asthma
  • Page 395 — General principles of management","No — the response completely fails to present the stepwise framework. None of the four steps (Step 1 through Step 4) are described as a structured progression. The question specifically asks for the ""stepwise approach"" and the response does not name, define, or sequence any step","Partial — 🟢 ""manage at home"" is defensible only for mild/intermittent asthma (Step 1), but the question asks about the full stepwise approach including severe persistent asthma (Step 4, LOC: RR) which requires specialist referral. Applying a single home-management triage to a question spanning all severity levels is inappropriate and potentially dangerous for patients with moderate or severe disease","Yes — items 1–5 and 7 are fragments from the acute asthma section (5.1.1.1) and the general principles introduction, not from the chronic/stepwise management section (5.1.1.2). ""Reassure patient; place him in a ½ sitting position"" and ""Treat as an out-patient"" are acute attack management instructions. These are presented as home management steps for a question about long-term stepwise therapy, which conflates two distinct clinical scenarios. The ""When to refer"" section partially quotes Step 4 but presents it incoherently as a referral criterion rather than a treatment step","Yes — the response mixes acute asthma attack management with chronic stepwise management without distinguishing between them. A health worker could incorrectly apply acute attack protocols to chronic management. More critically, the complete absence of inhaled corticosteroid (beclomethasone) stepping up from Step 2 onward means the most important controller therapy in chronic asthma is not communicated. Aminophylline appears in ""Watch for"" as if it is a danger sign rather than a Step 3 treatment option","Yes — entirely missing: all four step definitions and their symptom criteria, the Step 1 salbutamol-only regimen and the threshold for stepping up, the Step 2 beclomethasone 100–400 micrograms every 12 hours regimen, the Step 3 beclomethasone 400–1,000 micrograms + aminophylline regimen, the Step 4 prednisolone 10–20 mg daily regimen, the rescue course prednisolone dosing (40–60 mg/day for adults), stepping down principles (review every 3–6 months), prescribing cautions (no beta-blockers, no morphine, no sedatives in children), and trigger avoidance advice","Page citations are partially correct — PDF page 404 does contain Step 3/4 content and page 402 (printed 336) is the start of Section 5.1.1.2. However, the model retrieved content from the acute asthma section (PDF page 396, printed ~330) rather than the chronic stepwise section, suggesting it retrieved the wrong subsection. Aminophylline appearing in ""Watch for"" instead of as a treatment option is a clear sign of retrieval-without-comprehension. The ""When to refer"" section contains a near-verbatim fragment of Step 4 text but it is presented as a referral instruction rather than a treatment step, indicating the model parsed the LOC column (""RR"") as a referral trigger rather than understanding it as a level-of-care label."
Q28,uganda,referral,When should a patient with diabetes be referred to a higher-level facility?,469–478 (printed page numbers); PDF pages approximately 535–544,"### 1. Type 1 Diabetes — All Patients (HC4)
All Type 1 diabetes management requires **HC4** level for insulin initiation and management.
- **Children <5 years with Type 1:** Start insulin at 0.5 IU/kg/day and **refer to a paediatrician**
- Metformin in Type 1 (exceptional cases only): use **under specialist advice only**

### 2. Complications — Refer/Treat Accordingly (HC3)
Assess all diabetic patients for the following complications and **refer or treat accordingly:**
- Renal disease
- Eye problems (retinopathy)
- Diabetic foot
- Peripheral neuropathy
- Heart disease or stroke

Additional management at HC3/H:
- Aspirin 75–100 mg/day for ischaemic heart disease or stroke (HC3)
- Atorvastatin 20–40 mg/day for ischaemic heart disease or stroke (H)
- Amitriptyline 10–25 mg at night for peripheral neuropathy (HC3)

### 3. Type 2 Diabetes — Escalation by Treatment Failure (LOC-based)
| Treatment Step | Trigger for Escalation | LOC Required |
|---|---|---|
| First-line (Metformin) | Initial management | HC2 |
| Second-line (add Glimepiride) | Targets not met with lifestyle + Metformin | HC3 |
| Third-line (add basal insulin NPH) | Targets not met with Metformin + Glimepiride | HC4 |
| Full insulin regimen | Control still not achieved on third-line | HC4 |

### 4. Diabetic Ketoacidosis (DKA) / Hyperosmolar Hyperglycaemic State (HHS) — Emergency (HC4)
All acute metabolic complications of diabetes (DKA, HHS, hypoglycaemic coma) require **HC4 or hospital** management:
- IV fluids, hourly IM insulin, potassium replacement, continuous monitoring — all require HC4 minimum

### 5. Important Cautions Triggering Escalation
- **Do not use oral antidiabetics** in acute complications or acutely sick patients — switch to insulin and escalate
- **Metformin is contraindicated** in advanced kidney disease — reassess and refer
- **Do not use beta-blockers** (e.g. atenolol) in diabetes — escalate if BP control is challenging

---

> **Summary:** The primary referral triggers for diabetes are: Type 1 diagnosis (all cases, HC4), children <5 years with Type 1 (paediatrician), any diabetic complication (HC3+), failure to achieve glycaemic targets at each treatment step, and any acute metabolic emergency (DKA/HHS/hypoglycaemic coma, HC4).

**Source:** Uganda Clinical Guidelines 2023, Sections 8.1.3–8.1.4, pp. 469–478","────────────────────────────────────────────────────────────
🟢  This can be managed at home with the guidance below.
────────────────────────────────────────────────────────────

What to do:
  1. Mothers with diabetes should be advised to deliver in hospital
  2. Medicines are presented by their generic name, in bold.
  3. Often, treatment can be initiated at lower level, but the patient needs to be referred for further management, or for second-line treatment, or for complications.
  4. RR to regional referral hospital, and NR to national referral hospital.
  5. Refer to higher level if still uncontrolled
  6. Acetylsalicylic acid 75-150 mg once a day
  7. Atorvastatin 40 mg once a day
  8. Treat underlying conditions e.g. dehydration

When to refer:
  • higher level if still uncontrolled, THEN LOC is HC2 H
  • a higher level of care if the above options are not viable

What to tell the family:
  Follow the advice given. Return to the health facility if symptoms worsen or any danger signs develop.

From the guidelines:
  • Page 775 — Note
  • Page 385 — Management of stable angina
  • Page 46 — bold.

────────────────────────────────────────────────────────────","No — the response does not answer the question. It provides no diabetes-specific referral criteria whatsoever. None of the five referral triggers from the guidelines (Type 1 requiring HC4, children <5 to paediatrician, complications requiring HC3+, treatment escalation ladder, DKA/HHS emergency) appear in the response","No — 🟢 ""manage at home"" is completely wrong for a question about when to refer a diabetic patient. The question is explicitly about referral thresholds, and the triage label contradicts the subject matter of the question. DKA and HHS are life-threatening emergencies requiring HC4 care","Yes — multiple hallucinated or misattributed items: item 1 (""Mothers with diabetes should be advised to deliver in hospital"") is from the obstetric/gestational diabetes section, not the general diabetes referral section; items 2–4 are generic introductory text from the guidelines preface (about medicine naming conventions and the LOC system) and have no relevance to diabetes referral; items 6–7 (Acetylsalicylic acid 75–150 mg and Atorvastatin 40 mg) are from the stable angina management section (page 385), which is completely unrelated to diabetes referral criteria; item 8 (""Treat underlying conditions e.g. dehydration"") is a generic supportive care instruction from an unrelated section. The ""When to refer"" entry (""higher level if still uncontrolled, THEN LOC is HC2 H"") is a garbled fragment mixing the hypertension section's referral wording with a diabetes LOC label","Yes — the complete absence of DKA/HHS as an emergency requiring immediate referral to HC4 is a critical safety gap. A health worker reading this response would have no indication that acute metabolic complications of diabetes are emergencies. Additionally, the absence of guidance on when to escalate from Metformin to second/third-line therapy could lead to prolonged inadequate glycaemic control and progression of complications","Yes — entirely missing: Type 1 diabetes requiring HC4 for all management, referral of children <5 with Type 1 to a paediatrician, assessment and referral for all diabetic complications (renal disease, retinopathy, diabetic foot, neuropathy, cardiovascular disease), the treatment escalation ladder (HC2 → HC3 → HC4) tied to glycaemic target failure, DKA/HHS as emergencies requiring HC4, contraindication of oral antidiabetics in acute illness requiring escalation to insulin, and Metformin contraindication in advanced kidney disease","Page citations are entirely wrong — page 775 (printed) is in the obstetric chapter, page 385 is stable angina management, and page 46 is the preface. None correspond to the diabetes section (pp. 469–478). This is one of the clearest retrieval failures seen across the evaluated responses: the model appears to have searched for the word ""refer"" across the document and assembled fragments from multiple unrelated sections (obstetrics, cardiology, preface) without finding or using the actual diabetes chapter at all. The ""LOC is HC2 H"" fragment in the referral section suggests the model retrieved a LOC table entry but misread it, conflating two separate LOC levels as a single string."
Q29,uganda,contraindication,Which drugs are contraindicated during pregnancy according to the Uganda guidelines?,"No single page — contraindications are distributed throughout the document; key pages include 129, 149, 284, 289, 297, 314, 364, 729, and the mental health chapter","Good — **Doxycycline** is the drug contraindicated in pregnancy for Mycoplasma pneumoniae. Now I have a complete picture across the whole document. Here is the comprehensive answer:

---

The Uganda Clinical Guidelines 2023 does not have a single consolidated list of drugs contraindicated in pregnancy. Instead, contraindications are embedded throughout disease-specific sections. The following is a complete compilation from across the guidelines:

---

### Antibiotics & Antimicrobials

| Drug | Context | Source |
|---|---|---|
| **Doxycycline** | Contraindicated in pregnancy (Mycoplasma pneumoniae, syphilis, plague, urethral discharge) — replace with Erythromycin 500 mg every 6 hours | Multiple sections (pp. 284, 297, 364) |
| **Ciprofloxacin** | Avoid in pregnancy (genital ulcer disease, Klebsiella pneumonia) | p. 284 |
| **Metronidazole / Tinidazole** | Do not use in **1st trimester** of pregnancy | pp. 129, dental section |
| **Fluconazole** | Associated with spontaneous abortions and congenital anomalies — avoid in pregnancy; replace with Clotrimazole pessary | p. 129 |
| **Silver sulphadiazine** | Contraindicated in pregnancy (and breastfeeding, premature babies) | Burns section |

### Antiparasitics

| Drug | Context | Source |
|---|---|---|
| **Ivermectin** | Not recommended in pregnancy (or breastfeeding, or children <15 kg / <12 years) | Scabies, filariasis sections |

### Antihypertensives

| Drug | Context | Source |
|---|---|---|
| **ACE inhibitors (e.g. Enalapril, Lisinopril)** | Do NOT use in pregnancy | Hypertension, pre-eclampsia (p. 314, 729) |
| **Angiotensin Receptor Blockers (ARBs)** | Do NOT use in pregnancy | Hypertension (p. 314) |
| **Diuretics (e.g. Furosemide)** | Do NOT use in pregnancy | Hypertension, pre-eclampsia (pp. 314, 729) |
| **Ergot-containing medicines** | Do not use (pre-eclampsia/eclampsia notes) | p. 729 |

### Dermatological

| Drug | Context | Source |
|---|---|---|
| **Podophyllum resin 25%** | Do not use in pregnancy (HPV/genital warts) | p. 289 |

### Psychiatric / Neurological

| Drug | Context | Source |
|---|---|---|
| **Mood stabilisers (Valproate, Carbamazepine, Lithium)** | Avoid in pregnant women; use low-dose Haloperidol if necessary | Mental health chapter |

### COVID-19 Antivirals

| Drug | Context | Source |
|---|---|---|
| **Ritonavir-boosted nirmatrelvir (Paxlovid)** | Contraindicated in pregnant or breastfeeding women and children | COVID-19 section (p. 149) |

---

> **Important note:** The guidelines are condition-organised, not drug-organised, so this list represents all explicit contraindications found across the document. For drugs with no explicit mention, clinicians should consult the full Uganda guidelines or specialist references for pregnancy safety data.

**Sources:** Uganda Clinical Guidelines 2023, various sections — pp. 129, 149, 284, 289, 297, 314, 364, 729, and mental health chapter.","────────────────────────────────────────────────────────────
🟢  This can be managed at home with the guidance below.
────────────────────────────────────────────────────────────

What to do:
  1. ACE inhibitors, ARBs are contraindicated in pregnancy
  2. Avoid beta blockers and diuretics
  3. Pregnancy and breastfeeding: only use
  4. Likely degree of adherence to treatment (simpler, shorter dosage regimes increase the chance of
  5. the patient correctly following prescribed therapy)
  6. Treatment duration must be adhered to at all times
  7. Ciprofloxacin is contraindicated in children <12
  8. Doxycyline, gentamicin: Contraindicated in pregnancy

What to tell the family:
  Follow the advice given. Return to the health facility if symptoms worsen or any danger signs develop.

From the guidelines:
  • Page 60 — Untitled
  • Page 772 — Caution
  • Page 768 — Notes

────────────────────────────────────────────────────────────","Partial — items 1, 2, and 8 contain some correct information (ACE inhibitors/ARBs contraindicated in pregnancy, doxycycline contraindicated in pregnancy). However the answer is substantially incomplete, contains errors, and lacks the majority of contraindicated drugs identified in the guidelines","No — 🟢 ""manage at home"" is inappropriate for a clinical reference question about drug contraindications in pregnancy. This is a knowledge/safety question that has no triage level; applying a home management label is meaningless and potentially misleading","Yes — multiple errors: item 2 (""Avoid beta blockers and diuretics"") is partially incorrect — the guidelines say avoid diuretics and ACE inhibitors/ARBs in pregnancy; beta blockers are not explicitly contraindicated (Methyldopa and calcium channel blockers are named as safe). Item 7 (""Ciprofloxacin is contraindicated in children <12"") conflates two separate restrictions — Ciprofloxacin is avoided in pregnancy (not children <12, which is the doxycycline restriction). Item 8 (""Doxycycline, gentamicin: Contraindicated in pregnancy"") incorrectly includes gentamicin — the guidelines do not contraindicate gentamicin in pregnancy; only doxycycline carries this explicit label. Items 3–6 are generic prescribing principles from the introduction about adherence and dosing regimens, completely unrelated to pregnancy contraindications","Yes — the inclusion of gentamicin as contraindicated in pregnancy is a clinically significant error; gentamicin is used in several pregnancy-related protocols in the guidelines (e.g. neonatal sepsis prophylaxis, pyelonephritis). Falsely labelling it as contraindicated could cause a health worker to withhold a needed antibiotic. Conversely, the omission of Fluconazole (associated with spontaneous abortions and congenital anomalies), Metronidazole in first trimester, Ivermectin, Podophyllum resin, mood stabilisers, and COVID-19 antivirals leaves major safety gaps","Yes — missing: Fluconazole (avoid — associated with spontaneous abortions and congenital anomalies), Metronidazole/Tinidazole (avoid in 1st trimester), Silver sulphadiazine (contraindicated in pregnancy and breastfeeding), Podophyllum resin 25% (do not use in pregnancy), Mood stabilisers/Valproate/Carbamazepine/Lithium (avoid in pregnant women), Ivermectin (not recommended in pregnancy), Ergot-containing medicines (do not use — eclampsia note), Ritonavir-boosted nirmatrelvir/Paxlovid (contraindicated in pregnant and breastfeeding women), and the safe alternatives recommended (e.g. Erythromycin replacing Doxycycline, Clotrimazole replacing Fluconazole, Methyldopa/calcium channel blockers as safe antihypertensives)","Page citations are entirely wrong — page 60 is in the preface/introduction, page 772 and 768 are in the obstetric chapter but do not correspond to a drug contraindication list. The response appears to have retrieved fragments from the hypertension (p. 314) and obstetric chapters without systematically searching the full document. Items 3–6 about adherence are from the medicines introduction section (p. ~60), confirming the model retrieved the preface rather than clinical content. The conflation of ciprofloxacin's pregnancy restriction with a paediatric age restriction, and the incorrect inclusion of gentamicin, suggests the model merged nearby text fragments without understanding their separate clinical contexts."
Q30,uganda,safety,What are the key drug interactions to watch for with anti-TB medications?,"252–254 (TB/HIV interactions, printed) and 381–383 (anti-TB side effects, printed); PDF pages approximately 318–320 and 447–449","According to the Uganda Clinical Guidelines 2023 (Sections 3.1.10.1 and 5.3.2.1, pp. 252–254 and 381–383), the key drug interactions and related concerns with anti-TB medications are as follows:

1. Rifampicin Interactions with Antiretrovirals (ARVs) — Section 3.1.10.1, p. 252
This is the most clinically significant interaction category in the Ugandan context:
Rifampicin is a potent enzyme inducer that reduces the blood levels of both NNRTI and PI classes of ARVs, requiring regimen adjustments:
ART Regimen at TB DiagnosisRequired ActionEFV-based regimenContinue same regimen but double the DTG dose (give DTG twice daily)NVP-based regimenSubstitute NVP with EFV; if EFV contraindicated, give DTG twice daily; if DTG unavailable, use triple NRTI (ABC+3TC+AZT)LPV/r-based regimen (PI)Continue same regimen but double the DTG dose (give DTG twice daily)ATV/r-based regimen (PI)Continue same regimen and switch Rifampicin to Rifabutin for TB treatment
Key principles:

Rifampicin has significant drug interactions with all PIs — PI-based regimens should not be co-administered with Rifampicin without adjustment
Rifabutin may substitute Rifampicin when used alongside PI-based ART (ATV/r or LPV/r), but is contraindicated if WBC count is below 1,000/mm³
In children 0–<3 years on LPV/r or NVP: switch to triple NRTI regimen (ABC+3TC+AZT)


2. Anti-TB Drug Side Effects Relevant to Drug Interactions — Section 5.3.2.1, pp. 381–383
Overlapping Hepatotoxicity (Isoniazid + Pyrazinamide + Rifampicin)
All three first-line drugs can cause drug-induced hepatitis. In order of frequency of hepatic involvement: Isoniazid > Pyrazinamide > Rifampicin > Ethambutol.

Management: Stop all drugs immediately, manage supportively (H level)
When jaundice resolves: re-introduce drugs one at a time at 3–7 day intervals, starting from the least likely causative drug (RR level)
If reaction is very severe: do not restart Pyrazinamide

Isoniazid and Pyridoxine (Vitamin B6)

Isoniazid causes peripheral neuropathy by interfering with pyridoxine metabolism
Management: Pyridoxine 25–100 mg daily must be co-administered to prevent/treat burning sensation in the feet

Hypersensitivity Reactions (All Anti-TB Drugs)

Most anti-TB drugs can cause hypersensitisation between weeks 3–8 of treatment
Order of frequency: Ethambutol > Pyrazinamide > Rifampicin > Isoniazid
Mild (itchy rash): give antihistamine (e.g. Chlorpheniramine) and moisturiser; continue treatment
Severe (Steven Johnson Syndrome/TEN, fever, vomiting, dark erythematous rash): Stop all drugs immediately and refer urgently

Streptomycin and Ototoxicity

Streptomycin causes deafness/dizziness/vertigo/nystagmus
Management: Stop Streptomycin, substitute with Ethambutol

Ethambutol and Visual Impairment

Ethambutol causes impaired visual acuity and colour vision
Management: Stop Ethambutol, substitute with Streptomycin


Summary Table
DrugKey Interaction/ConcernActionRifampicinReduces levels of NNRTIs (NVP, EFV) and PIs (LPV/r, ATV/r)Adjust ARV regimen; substitute with Rifabutin for PI-based ARTIsoniazidDepletes pyridoxine → peripheral neuropathyCo-administer Pyridoxine 25–100 mg dailyIsoniazid + Pyrazinamide + RifampicinAdditive hepatotoxicityMonitor LFTs; stop all if jaundice developsStreptomycinOtotoxicity (deafness, vertigo)Stop and switch to EthambutolEthambutolVisual toxicityStop and switch to StreptomycinPyrazinamide + RifampicinGI intolerance (nausea, vomiting)Give with small meal or at bedtime
Source: Uganda Clinical Guidelines 2023, Sections 3.1.10.1 (pp. 252–254) and 5.3.2.1 (pp. 381–383)","────────────────────────────────────────────────────────────
🟢  This can be managed at home with the guidance below.
────────────────────────────────────────────────────────────

What to do:
  1. Do not co-administer NVP and rifampicin
  2. Drugs for acid reflux or ulcers, e.
  3. Screen for and manage
  4. need of FP
  5. Drug interactions between rifampicin and both the NNRTI
  6. Immune reconstitution inflammatory syndrome (IRIS)
  7. Pill burden, overlapping toxicities and adherence issues.

Watch for:
  • All patients who are drug-resistant TB suspects should therefore

When to refer:
  • Return to health facility if symptoms worsen or do not improve
  • Refer if any danger signs appear

What to tell the family:
  Follow the advice given. Return to the health facility if symptoms worsen or any danger signs develop.

From the guidelines:
  • Page 274 — Important drug interactions
  • Page 277 — Important drug interactions
  • Page 440 — Who is at risk for drug-resistant TB:

────────────────────────────────────────────────────────────","No — the response identifies that a drug interaction exists between Rifampicin and NNRTIs (item 5) and correctly states not to co-administer NVP and Rifampicin (item 1), but provides none of the required clinical detail: no regimen substitution guidance, no dose adjustments, no PI interaction management, no Rifabutin as alternative, no hepatotoxicity monitoring, no pyridoxine for isoniazid neuropathy, no ototoxicity from streptomycin, no visual toxicity from ethambutol","No — 🟢 ""manage at home"" is entirely inappropriate for a clinical knowledge question about drug interactions. Anti-TB drug interactions are complex and require facility-level management and monitoring; several interactions (hepatotoxicity, severe hypersensitivity) are emergencies requiring referral to hospital level","Yes — item 2 (""Drugs for acid reflux or ulcers"") has no relevance to anti-TB drug interactions and does not appear in the anti-TB sections of the guidelines; it appears to be a fragment retrieved from an unrelated gastrointestinal section. Items 3–4 (""Screen for and manage need of FP"") are family planning fragments completely unrelated to TB drug interactions. Item 7 (""Pill burden, overlapping toxicities and adherence issues"") is a background contextual statement from the TB/HIV co-infection introduction, not a drug interaction","Yes — multiple critical safety gaps: (1) the complete absence of ARV regimen adjustment tables means a health worker co-managing TB/HIV would have no guidance on how to modify ART when starting Rifampicin, risking subtherapeutic ARV levels and treatment failure or resistance; (2) no guidance on hepatotoxicity monitoring or the instruction to stop all anti-TB drugs immediately if jaundice develops; (3) no mention of pyridoxine co-administration with isoniazid, risking unrecognised and untreated peripheral neuropathy; (4) no guidance on stopping streptomycin for ototoxicity or ethambutol for visual impairment","Yes — entirely missing: the full ARV regimen substitution tables (EFV-based, NVP-based, LPV/r-based, ATV/r-based adjustments), the instruction to double DTG dose when co-administering with Rifampicin, Rifabutin as alternative to Rifampicin for PI-based regimens and its WBC contraindication, the hepatotoxicity interaction between Isoniazid/Pyrazinamide/Rifampicin (order of frequency, stopping rule, re-introduction protocol), Pyridoxine 25–100 mg daily for isoniazid-induced peripheral neuropathy, streptomycin ototoxicity and switch to ethambutol, ethambutol visual toxicity and switch to streptomycin, hypersensitivity reaction management by severity, and the complete side effects table (Section 5.3.2.1)","Page citations (274, 277, 440) are incorrect — the anti-TB drug interaction content is at printed pages 252–254 and 381–383, not pages 274/277/440. Page 440 corresponds to the drug-resistant TB section, which explains why item in ""Watch for"" mentions drug-resistant TB suspects — a completely irrelevant fragment. Items 2–4 (acid reflux drugs, family planning) confirm the model retrieved content from multiple unrelated sections. The response correctly identifies the existence of Rifampicin-NNRTI interactions (items 1 and 5) but failed entirely to retrieve the management tables and the anti-TB side effects section (5.3.2.1), which contains the most clinically actionable content."
